126.59788,45.791584,太阳岛风景区,B01C30003A,哈尔滨,0451,3.1,"3.6,1.9,2.6,2.4,4.8",25,293,1
126.66889,45.780297,哈尔滨文化公园,B01C30IADC,哈尔滨,0451,1.7,"3.9,2.1,0.1,2.8,0.8,0.5",30,88,1
127.241253,45.624647,长寿国家森林公园,B01C30J532,哈尔滨,0451,2.8,"1.5,4.8,2.6,3.5,3.4,0.4,3.7",35,24,2
128.645506,46.096451,铧子山景区-铧子山森林公园,B01C30ITCO,哈尔滨,0451,3.1,"2.6,0.7,4.3,4.8",20,50,3
127.964198,44.173805,凤凰山国家森林公园,B01C30IHMY,哈尔滨,0451,3.1,"3.3,4.3,1.3,3.3,2.1,3.1,4.2",35,225,2
127.62237,44.670429,龙凤山国家森林公园,B01C30000B,哈尔滨,0451,2.7,"4.9,0.7,3.2,1.9",20,295,3
126.938508,45.736125,哈尔滨普罗旺斯薰衣草庄园,B0FFGXTQA8,哈尔滨,0451,4.0,4.0,5,85,4
127.359663,45.286365,西泉眼水库旅游区-西泉眼漂流,B0FFF63TP8,哈尔滨,0451,2.5,"4.5,1.9,3.9,1.1,0.8,2.4,3.8,3.9,0.2",45,141,3
127.114864,45.391435,北方森林动物园,B01C30JKAT,哈尔滨,0451,2.8,"4.0,3.1,2.5,2.4,3.5,2.1,3.7,0.8",40,111,3
127.415048,45.743613,二龙山风景区,B01C30J3VY,哈尔滨,0451,2.6,"3.3,1.9,1.7,2.1,2.6,3.9,3.2,2.4",40,237,2
127.474288,45.366322,松峰山景区,B01C302C27,哈尔滨,0451,1.9,"2.0,0.2,4.1,0.5,2.5,3.5,0.2",35,268,1
127.930969,46.36809,木兰县香磨山风景区,B01C3172CK,哈尔滨,0451,2.3,"3.2,4.8,0.2,4.1,2.4,0.5,2.2,1.4",40,47,5
129.557034,46.330873,慈云寺,B01C302AA6,哈尔滨,0451,3.1,"4.2,4.6,1.6,1.8",20,168,4
127.812760,45.306119,赵一曼纪念园,B01C3178IP,哈尔滨,0451,1.5,1.5,5,136,2
126.898347,45.671779,哈尔滨伏尔加庄园(敖连特会所),B01C317XIL,哈尔滨,0451,3.1,"3.8,2.1,3.0,3.1,3.3",25,72,2
127.599612,45.298620,帽儿山风景区,B01C30IEOV,哈尔滨,0451,2.6,"3.4,2.9,1.1,3.1",20,230,4
126.718419,45.682049,丁香科技博览园,B01C30LARF,哈尔滨,0451,1.0,1.0,5,33,1
126.601663,45.81738,东北虎林园,B01C30J5FG,哈尔滨,0451,2.0,"3.3,3.9,0.9,1.0,1.3,0.9,2.4,2.0,2.2",45,212,2
126.587359,45.785284,哈尔滨极地馆,B01C30IRU3,哈尔滨,0451,2.4,"3.3,0.9,4.6,1.9,0.8,1.4,3.8,2.7",40,282,3
126.716415,45.949516,河口湿地公园,B01C31CVZ7,哈尔滨,0451,2.9,"4.6,0.5,4.1,1.8,2.4,4.0,3.1",35,150,1
126.680363,45.748642,龙塔,B01C30JLQJ,哈尔滨,0451,3.3,"3.7,4.3,3.9,1.2",20,96,1
126.585822,45.796602,哈尔滨新泻友谊园,B01C30IU22,哈尔滨,0451,3.9,3.9,5,237,5
126.674888,45.775876,哈尔滨文庙,B01C30IYK9,哈尔滨,0451,3.2,3.2,5,156,1
126.634137,45.610735,侵华日军第731部队遗址第二保护区,B01C317C67,哈尔滨,0451,2.5,"2.9,4.4,1.2,2.5,2.6,1.2",30,64,2
126.642501,45.759556,革命领袖视察黑龙江纪念馆,B01C30J5NN,哈尔滨,0451,0,,0,185,5
126.577391,45.745383,松柏生态园,B01C30IZNG,哈尔滨,0451,1.6,"3.0,1.1,0.9,1.5",20,197,3
126.717295,45.718993,中国亭园,B0FFG106O5,哈尔滨,0451,3.3,"3.9,3.0,4.7,1.6",20,217,3
127.530509,45.578188,香炉山国家森林公园,B0FFF37KJO,哈尔滨,0451,2.0,"0.4,0.8,0.8,1.2,2.4,4.4,3.5,0.0,4.8",45,224,4
128.141549,44.387815,雪谷,B01C31DK2W,哈尔滨,0451,3.1,"3.2,5.0,4.4,2.2,1.4,2.4",30,30,1
126.607300,45.975384,萧红故居,B0FFH0560U,哈尔滨,0451,4.0,"2.8,3.3,5.0,4.7",20,269,5
126.637176,45.609608,侵华日军第七三一部队遗址,B01C30J40L,哈尔滨,0451,1.5,"2.0,1.6,2.0,0.8,0.3,2.4",30,58,1
126.847623,45.231347,华藏寺,B01C30JH6U,哈尔滨,0451,0,,0,59,3
127.145272,45.400283,玉泉威虎山森林公园,B01C30LE2W,哈尔滨,0451,0,,0,95,2
127.419802,45.496271,金龙山国家森林公园,B01C31AYVA,哈尔滨,0451,0.8,0.8,5,56,2
126.613943,45.773029,鞑靼清真寺,B01C3183W0,哈尔滨,0451,0,,0,68,4
126.758919,45.735532,北大荒现代农业园,B01C317KZI,哈尔滨,0451,1.8,"0.6,3.8,1.9,0.1,2.0,2.3",30,100,4
126.562269,45.778343,冰雪大世界,B01C317HZ0,哈尔滨,0451,2.2,"3.7,0.9,2.0,1.3,1.1,0.3,4.4,3.5",40,127,5
126.592189,45.804411,中东铁路公园,B0FFH89K3B,哈尔滨,0451,1.1,1.1,5,35,4
128.269669,46.213252,鸡冠山景区,B01C31DKT8,哈尔滨,0451,2.0,"0.3,1.6,3.6,1.0,3.2,2.3",30,225,2
126.655799,45.658329,三精制药工业园区,B01C30KJUM,哈尔滨,0451,2.5,"2.4,0.2,1.2,3.8,4.8,4.6,2.8,2.9,0.1",45,159,5
129.597901,46.335756,东山怪坡,B01C30K3ER,哈尔滨,0451,0,,0,38,1
128.756395,45.815614,莲花湖,B01C301D89,哈尔滨,0451,3.4,"3.9,1.7,2.7,4.4,4.4",25,76,4
126.710989,45.874048,滨江湿地金沙滩风景区,B01C31DB23,哈尔滨,0451,1.2,"0.6,1.9",10,225,5
127.370337,45.297522,森工总局平山旅游区,B01C30IEOQ,哈尔滨,0451,2.5,"0.5,4.5",10,245,5
126.607263,45.975638,萧红纪念馆,B01C302AA1,哈尔滨,0451,3.5,"4.4,3.0,4.7,1.7",20,88,3
129.146909,46.314229,清河悬羊岭风景区,B0FFF63TRP,哈尔滨,0451,3.1,"3.8,5.0,0.9,4.4,2.7,1.9,0.1,4.4,4.7",45,100,1
127.958144,45.217873,尚志碑林,B01C303317,哈尔滨,0451,1.7,"0.7,1.2,3.3,1.1,3.1,0.8",30,74,4
126.967404,45.497574,哈尔滨金源文化旅游区,B01C30KJU1,哈尔滨,0451,2.5,"1.5,1.2,0.9,3.4,3.9,0.2,1.9,4.1,4.9,3.0",50,209,4
127.044191,46.062647,黄土山景区,B01C30I5LN,哈尔滨,0451,2.7,"4.0,0.3,0.1,4.9,3.6,3.4",30,239,5
126.546564,45.735455,体育公园,B01C317DC5,哈尔滨,0451,0,,0,75,3
126.581656,45.752651,哈尔滨顾乡公园,B01C30K39Q,哈尔滨,0451,2.5,"0.6,4.0,4.4,1.2,1.2,1.5,3.2,3.1,3.0,2.8",50,276,5
126.655828,45.760721,儿童公园,B01C300040,哈尔滨,0451,3.0,"4.2,3.2,4.4,4.4,3.7,0.8,1.8,1.5",40,96,2
126.6509,45.755104,俄罗斯河园,B01C30KAJA,哈尔滨,0451,2.0,"3.0,2.5,2.2,1.6,2.1,2.8,0.5,1.6",40,63,3
126.523919,45.813535,哈尔滨黑天鹅度假区,B01C30JP82,哈尔滨,0451,2.5,"0.9,0.1,4.8,0.0,4.6,4.8,2.3",35,284,3
126.898316,45.899179,白渔泡湿地公园,B01C317XQD,哈尔滨,0451,2.6,"3.1,0.1,3.1,1.7,4.2,3.9,0.4,4.7,1.4,3.6",50,114,1
126.550052,45.722298,雨阳公园,B0FFFFLK9X,哈尔滨,0451,1.2,"1.7,0.9,0.3,1.9",20,192,2
126.683596,45.72672,尚志公园,B01C30HQ1R,哈尔滨,0451,2.3,"1.2,2.1,3.9,3.4,0.8,4.0,1.5,3.7,0.3",45,158,4
126.663389,45.791849,靖宇公园,B01C302891,哈尔滨,0451,1.9,"0.2,2.0,3.9,2.0,2.1,1.0",30,110,2
129.013661,45.665513,双子山原始森林公园,B01C30J3Y2,哈尔滨,0451,2.5,"2.0,1.3,4.3,3.7,2.1,3.3,2.5,1.1",40,212,1
126.650152,45.704062,黑龙江省森林植物园,B01C317JV1,哈尔滨,0451,1.5,"0.2,3.3,0.1,1.3,1.2,2.9",30,31,5
126.637928,45.749594,苏联驻哈尔滨总领事馆旧址,B01C30KBZ8,哈尔滨,0451,3.5,"4.8,2.1,3.5,1.8,4.8,2.9,3.9,3.7,3.8,3.3",50,54,3
126.664914,45.777753,极乐寺,B01C304057,哈尔滨,0451,3.1,"4.3,3.8,3.4,0.1,4.8,1.0,0.8,3.5,4.1,4.8",50,206,3
126.604317,45.77262,友谊公园,B01C31AO3C,哈尔滨,0451,2.6,"4.5,1.2,0.2,0.4,1.6,1.3,3.8,5.0,2.8,5.0",50,54,4
126.552285,45.728579,群力国家城市湿地公园,B01C31883F,哈尔滨,0451,2.8,"3.9,1.6",10,55,1
126.788768,45.884751,滨江湿地旅游风景区,B01C31B4O9,哈尔滨,0451,3.0,"2.8,3.9,4.6,3.3,0.2",25,38,4
126.985574,45.543139,会宁公园,B01C317FII,哈尔滨,0451,2.4,"3.8,3.8,0.9,3.1,0.6,4.8,0.8,3.5,0.1,2.9",50,180,5
126.315555,45.629897,北大荒闫家岗国际温泉度假区,B0FFG25E65,哈尔滨,0451,0.2,0.2,5,177,2
126.56789,45.744048,丁香公园,B01C31AYXG,哈尔滨,0451,1.6,1.6,5,272,3
126.654273,45.708618,黛秀湖公园,B01C30LA5R,哈尔滨,0451,2.6,"2.1,4.7,1.6,2.2,2.5",25,191,2
126.614977,45.729733,清滨公园,B01C30JZW5,哈尔滨,0451,2.7,"3.4,3.5,0.2,3.5,3.2,3.6,2.9,1.0",40,103,2
126.636454,45.595745,平房公园,B01C30ICIT,哈尔滨,0451,1.9,"2.4,4.4,0.5,0.4",20,79,3
126.693158,45.788115,太平公园,B01C30IACI,哈尔滨,0451,2.4,"4.4,4.3,0.2,2.6,3.2,2.1,2.2,0.5",40,183,3
126.655557,45.702567,中国远大生态园,B01C301E73,哈尔滨,0451,2.0,"0.5,2.3,3.1",15,55,2
126.617238,45.780646,哈尔滨市人民防洪胜利纪念塔,B01C30I9EP,哈尔滨,0451,0,,0,287,4
126.696484,45.77423,哈尔滨市古梨园,B01C301C2F,哈尔滨,0451,3.1,"1.3,3.9,5.0,2.5,0.9,2.6,2.9,3.0,3.7,5.0",50,296,1
126.655557,45.702567,中国远大生态园,B01C301E73,哈尔滨,0451,2.0,"0.4,4.3,2.6,1.3,1.7,2.7,0.7,4.5,1.7,0.2",50,191,5
126.651730,45.787428,阿拉伯广场-清真寺,B01C30IVM9,哈尔滨,0451,1.8,"0.8,1.8,1.3,2.1,0.5,2.2,0.2,1.0,4.3,4.2",50,257,2
126.617238,45.780646,哈尔滨市人民防洪胜利纪念塔,B01C30I9EP,哈尔滨,0451,3.0,"4.1,4.8,2.3,3.6,3.9,1.8,3.0,0.4",40,255,1
126.696484,45.77423,哈尔滨市古梨园,B01C301C2F,哈尔滨,0451,2.8,"2.4,1.6,2.4,4.6",20,134,3
126.523713,45.817537,哈尔滨新区中心公园,B0FFIFGCY6,哈尔滨,0451,4.1,4.1,5,46,2
126.676976,45.784110,奇乐儿海洋主题公园,B0FFG085H2,哈尔滨,0451,2.3,"2.0,0.8,4.0,2.4",20,97,4
126.651656,45.787319,阿拉伯广场,B01C30KEJL,哈尔滨,0451,3.3,"3.5,1.8,4.6",15,36,4
126.504789,45.806585,万达文化旅游城,B01C31BTKX,哈尔滨,0451,1.8,"3.4,1.5,1.9,1.5,1.9,0.4",30,161,1
126.684001,45.775734,哈军工纪念馆,B0FFFAL1QB,哈尔滨,0451,1.8,"2.2,1.9,1.4",15,224,5
126.600916,45.785602,太阳岛风景区-太阳岛雪博会,B01C30J8AT,哈尔滨,0451,1.9,"0.6,1.2,1.1,2.9,0.3,2.9,4.3,3.1,1.1",45,258,4
126.665855,45.778022,极乐寺-七级浮屠塔,B0FFFD8NJG,哈尔滨,0451,1.8,"3.4,0.7,3.6,0.9,3.4,0.7,0.3,1.7",40,201,1
126.635300,45.750262,中东铁路俱乐部旧址,B01C3179MB,哈尔滨,0451,0,,0,25,4
126.659418,45.751174,圣阿列克谢耶夫教堂,B0FFGERXES,哈尔滨,0451,2.1,"0.9,2.3,3.1",15,157,3
126.641259,45.787346,真正老王麻子膏药旧址,B01C305OKL,哈尔滨,0451,4.2,"3.9,4.5",10,38,4
126.658722,45.749827,中共满洲省委机关旧址,B01C305P10,哈尔滨,0451,3.1,"4.5,2.4,4.8,4.6,0.8,1.7",30,283,4
126.633671,45.786244,江畔公园,B01C30IACX,哈尔滨,0451,2.5,"2.7,0.1,0.0,3.9,4.6,3.6,2.8",35,290,2
126.592913,45.98447,西岗公园,B01C30281A,哈尔滨,0451,2.3,"2.2,2.4,1.4,0.5,4.8",25,188,2
126.659547,45.751265,哈尔滨天主教堂,B01C30JK8Q,哈尔滨,0451,2.3,"1.2,0.6,4.2,3.1,0.6,4.0",30,129,3
128.903194,45.757869,双凤水库景区,B01C303244,哈尔滨,0451,2.8,"1.7,0.4,4.6,4.7,0.6,3.1,4.6,1.8,4.3,2.5",50,216,5
126.64032,45.769919,长青公园(哈尔滨),B01C319I39,哈尔滨,0451,0,,0,84,5
126.590199,45.792281,太阳岛风景区-鹿苑,B01C319GTQ,哈尔滨,0451,2.7,"2.0,3.4",10,59,5
126.599121,45.748215,建国公园,B01C3040KS,哈尔滨,0451,2.3,"3.1,1.7,1.6,0.5,3.3,2.4,3.9,2.2",40,159,5
126.612803,45.779353,斯大林公园,B01C305H3T,哈尔滨,0451,3.1,"2.1,1.2,4.3,4.8",20,218,4
126.629956,45.763385,圣・伊维尔教堂,B0FFFYU3D7,哈尔滨,0451,2.8,"4.6,2.5,2.2,3.1,3.8,2.6,0.4,1.4,2.9,4.5",50,273,1
127.518700,45.517387,横头山国家森林公园吊水湖景区,B01C319GXR,哈尔滨,0451,1.4,"3.6,0.2,0.4",15,287,4
126.645147,45.593619,航空生态园,B01C31897Z,哈尔滨,0451,3.4,"4.0,4.6,3.5,0.4,4.0,3.8,4.0,4.8,1.3",45,295,5
126.695256,45.724240,哈利路亚教堂,B01C30HPXL,哈尔滨,0451,1.1,"0.6,1.6",10,156,2
129.30987,46.563536,丹清河国家森林公园,B01C30ISXE,哈尔滨,0451,0,,0,160,2
126.536666,45.798161,太阳岛西区外滩湿地公园,B01C319H1G,哈尔滨,0451,2.4,"1.9,2.9",10,45,4
127.272674,45.088330,葫芦湾风景区,B01C31B4OA,哈尔滨,0451,1.0,1.0,5,151,1
128.750278,45.969855,通河松花江公园,B0FFF4M7WM,哈尔滨,0451,2.0,"2.0,2.2,1.3,2.5",20,125,5
127.239156,46.124654,驿马山森林公园,B01C30I5LC,哈尔滨,0451,0,,0,102,5
128.022671,45.220815,石咀山公园,B01C302DBD,哈尔滨,0451,2.8,"2.0,5.0,3.3,4.5,0.2,1.8",30,195,5
126.616803,45.768358,犹太新会堂旧址,B01C305NPA,哈尔滨,0451,2.6,"2.5,2.7,4.0,0.8,1.7,4.3,1.9,0.3,2.6,4.9",50,198,1
128.038602,45.943224,抗洪胜利纪念塔,B01C300023,哈尔滨,0451,2.1,"0.9,3.5,1.8",15,125,1
126.660724,45.757291,华严寺,B01C30286B,哈尔滨,0451,2.4,"2.9,0.4,4.5,2.0,3.0,2.2,1.7,2.2",40,176,3
126.64252,45.765847,东北烈士纪念馆,B01C302AC5,哈尔滨,0451,2.2,"2.1,3.2,1.2",15,203,2
126.594535,45.985948,关岳庙,B01C31717M,哈尔滨,0451,2.5,"0.4,1.7,0.1,4.8,2.0,1.8,4.4,4.9",40,278,4
128.048810,45.952429,基督教堂,B01C30322C,哈尔滨,0451,2.2,"1.0,2.5,3.6,1.4,4.1,0.1,3.7,1.6",40,47,3
127.958470,45.217830,尚志县抗日烈士纪念馆,B0FFHCYPC0,哈尔滨,0451,4.4,4.4,5,299,4
127.965693,45.221965,赵一曼烈士牺牲地,B01C317M4I,哈尔滨,0451,2.6,"4.1,1.1",10,34,3
127.249456,46.121780,驿马山森林公园-灵隐寺,B01C30ITBO,哈尔滨,0451,3.3,"3.0,4.9,2.1",15,36,2
126.608067,45.790589,东北抗日联军纪念园,B01C30IUX3,哈尔滨,0451,2.4,"4.9,4.3,2.4,0.5,1.4,1.6,1.8",35,21,5
126.599504,45.746797,伯特利教堂,B01C304YZL,哈尔滨,0451,2.2,"2.1,1.4,3.2,4.7,0.7,1.2",30,32,2
126.686967,45.738833,香坊清真寺,B01C304VZU,哈尔滨,0451,2.8,"1.5,3.8,4.1,2.9,4.7,1.8,2.1,1.2",40,146,1
126.650617,45.763853,圣母守护教堂,B01C30IXZC,哈尔滨,0451,2.5,"3.3,2.9,3.6,3.4,4.4,0.4,0.3,1.6,3.6,1.9",50,246,1
126.615069,45.771685,哈尔滨犹太人活动旧址群犹太新会堂,B01C3181IS,哈尔滨,0451,1.2,"2.0,0.7,0.9",15,144,1
126.624762,45.772275,李兆麟将军纪念馆,B01C3174O1,哈尔滨,0451,2.1,"0.5,0.3,0.3,1.3,4.2,4.8,3.8,3.3,1.9,0.7",50,148,4
127.416498,45.737099,二龙山风景区-小龙山,B01C31DJ21,哈尔滨,0451,2.4,"0.8,4.9,1.3,2.4,2.6,1.9,2.9",35,152,5
126.666111,45.778126,极乐寺-佛宝塔,B01C30527L,哈尔滨,0451,1.8,"1.3,4.5,0.5,2.7,0.7,1.4",30,135,5
126.663020,45.785580,武圣庙,B01C3172OB,哈尔滨,0451,2.4,"0.3,3.4,4.2,0.2,3.9",25,82,1
126.666983,45.698845,哈尔滨市劳动公园,B0FFGXK44N,哈尔滨,0451,3.2,"2.8,3.6",10,181,1
126.597269,45.786970,太阳岛风景区-于庆成雕塑园,B01C31A5YE,哈尔滨,0451,2.6,"0.7,4.1,2.7,3.6,0.6,1.3,2.7,1.5,4.4,4.3",50,67,1
126.591256,45.793293,太阳岛风景区-丁香园,B01C319GYY,哈尔滨,0451,2.2,"2.2,4.1,2.0,0.2,4.4,0.8,4.1,0.8,1.6",45,58,5
128.452345,44.781350,亚布力阳光度假村吊箱索道下站,B01C317KV5,哈尔滨,0451,3.3,"2.0,4.7,3.3",15,292,2
127.195096,45.509244,将军山原始森林景区,B0FFHPYUZ5,哈尔滨,0451,1.5,"1.9,0.8,0.2,0.6,4.7,1.2,1.5,0.0,2.6",45,31,4
126.658008,45.793402,东辕门(北十九道街),B0FFH89D6W,哈尔滨,0451,3.0,"3.6,3.9,0.5,4.1",20,165,4
127.496092,45.452694,八里川漂流,B0FFGWY9I1,哈尔滨,0451,3.1,"1.2,2.6,4.2,4.1,4.8,1.8,4.6,3.1,1.8",45,292,4
127.591186,44.736705,龙凤山风景名胜区,B0FFG2XY3E,哈尔滨,0451,2.2,"2.2,4.5,3.7,0.6,0.5,2.1,1.9,0.6,3.6",45,81,2
128.280262,45.259331,中国土改文化第一村,B0FFG250BD,哈尔滨,0451,2.6,"2.8,2.2,1.0,2.0,4.9",25,216,4
128.413592,45.331953,长寿湖风景区,B01C317FGQ,哈尔滨,0451,1.3,"0.7,1.4,0.1,0.4,4.1",25,34,2
127.388819,46.081597,阜财门,B01C3173YD,哈尔滨,0451,2.6,"4.3,2.0,1.3,1.5,0.4,3.9,4.0,2.1,3.5",45,227,2
126.620473,45.776582,德国驻哈尔滨领事馆(旧址),B01C3184AN,哈尔滨,0451,0,,0,222,4
126.627101,45.770621,索菲亚广场,B01C30J89Z,哈尔滨,0451,0.9,"1.0,1.8,0.1,0.7",20,125,5
128.203330,45.197570,万佛山景区,B01C31DKTN,哈尔滨,0451,1.1,"1.5,0.8",10,47,2
129.436348,46.605396,四块石,B01C30IRTE,哈尔滨,0451,2.3,"2.4,2.2,3.0,1.5",20,262,3
126.659019,45.797562,天主堂,B01C30JIS1,哈尔滨,0451,2.6,"3.6,3.9,0.5,1.2,0.7,3.5,3.3,4.7,1.8",45,274,5
126.66295,45.693588,松乐公园,B0FFIFZXF8,哈尔滨,0451,0,,0,244,1
126.610573,45.987431,呼兰天主教堂,B0FFF5V87W,哈尔滨,0451,0,,0,99,1
126.636239,45.601981,建文休闲广场,B01C30J42E,哈尔滨,0451,2.1,"2.6,2.6,1.1",15,182,1
126.613990,45.772961,土耳其清真寺,B0FFFYI4ES,哈尔滨,0451,2.0,"3.2,0.8,2.0",15,279,5
126.617435,45.708459,联通广场,B01C30KB97,哈尔滨,0451,2.8,"5.0,1.6,1.9,2.5",20,168,2
126.614506,45.757365,基督教礼拜堂,B01C3057BC,哈尔滨,0451,2.7,"4.6,0.4,3.6,1.6,2.7,4.9,1.4",35,227,4
127.429107,46.080435,巴彦生态园,B01C317568,哈尔滨,0451,2.4,"1.1,4.3,0.6,3.7,3.9,2.9,3.8,0.8,0.7",45,288,3
126.589487,45.579120,净土寺,B0FFGA8RUA,哈尔滨,0451,2.5,"2.6,1.7,1.0,1.4,4.6,0.8,4.0,2.8,1.1,4.7",50,35,4
126.65925,45.586689,南虹公园,B01C30ICIU,哈尔滨,0451,0,,0,58,5
128.004910,45.600468,花乐山风景区,B01C31CQRJ,哈尔滨,0451,3.6,"5.0,1.7,4.2",15,198,3
126.698316,45.775310,哈尔滨市基督教以马内利教堂,B01C3057BD,哈尔滨,0451,3.0,3.0,5,177,1
126.682234,45.776623,奥列霍夫广场,B01C30IW9A,哈尔滨,0451,0,,0,128,3
126.67677,45.710683,母亲广场,B01C302994,哈尔滨,0451,1.8,"3.1,1.6,1.1,1.3,0.0,0.4,4.9",35,225,3
126.590511,45.970611,明悦湖,B01C3189NC,哈尔滨,0451,2.0,"3.4,0.2,0.2,0.9,4.1,3.3",30,282,2
126.649846,45.763977,天主堂,B01C30JIX5,哈尔滨,0451,2.0,"2.1,0.8,3.0",15,78,5
126.581487,45.846149,绿山川生态园,B01C317408,哈尔滨,0451,2.4,"3.0,3.5,2.0,2.8,0.3,2.7",30,269,4
126.608755,45.793828,太阳岛风景区-友谊林(警备街),B0FFGMGXMD,哈尔滨,0451,3.4,"4.0,4.1,3.5,4.7,0.7,1.7,3.8,4.3",40,260,4
127.995350,44.218201,大峡谷,B0FFH3G8HS,哈尔滨,0451,2.1,"2.6,0.6,1.0,3.6,4.1,1.1,0.8,3.4,0.8,2.8",50,241,3
128.619100,44.940838,林茂广场,B01C3024BD,哈尔滨,0451,2.3,"0.4,2.6,3.7,2.7,2.7,4.7,0.1,1.5",40,293,1
126.619100,45.773682,哈尔滨犹太人活动旧址群秋林洋行道里分行,B0FFHS1ARK,哈尔滨,0451,2.6,"1.6,1.8,2.9,4.6,1.1,3.6",30,80,3
129.563182,46.330584,五国城遗址,B0FFHB4AJP,哈尔滨,0451,1.6,1.6,5,285,2
126.657030,45.793103,哈尔滨市关道遗址文化公园-西辕门,B0FFH6SJZ8,哈尔滨,0451,2.5,"4.3,4.8,0.2,0.9",20,170,2
126.559815,45.745537,金河公园,B0FFHYGHUK,哈尔滨,0451,1.6,"0.3,1.9,0.5,1.8,2.1,4.1,0.6",35,71,2
126.686610,45.773893,校友林,B01C30IWAB,哈尔滨,0451,1.2,"0.2,2.1",10,134,2
126.639111,45.624841,哈尔滨天池丁香公园,B01C317L8I,哈尔滨,0451,1.4,"1.3,0.4,3.5,0.3,1.6,0.4,0.5,2.9",40,83,5
126.297589,45.629628,金河公园,B01C302DFB,哈尔滨,0451,3.6,"4.6,3.3,4.2,3.9,4.3,0.5,3.4,3.9,4.0",45,219,5
128.026370,44.672923,红豆杉景区,B0FFF2O5RI,哈尔滨,0451,3.6,"4.9,0.8,4.3,4.4,3.7",25,42,5
126.640904,45.782275,中华巴洛克风情街,B0FFFX17PB,哈尔滨,0451,3.7,"4.1,3.3",10,149,4
126.667268,45.778850,极乐寺-普照寺,B01C3028A7,哈尔滨,0451,2.7,"3.2,0.2,0.9,4.7,1.3,4.8,3.4,2.8",40,223,4
126.619287,45.773747,法籍犹太人萨姆索诺维奇兄弟商会,B01C3174PE,哈尔滨,0451,3.0,"3.8,2.2",10,68,2
126.669494,45.777458,宣普门,B01C30IYJC,哈尔滨,0451,3.0,"4.7,0.2,3.3,0.6,4.6,3.9,2.9,2.9,4.0",45,153,3
126.337200,45.361511,双城人工湖,B0FFGYYGYL,哈尔滨,0451,0,,0,243,4
126.650804,45.775263,伍连德纪念馆,B01C3170C1,哈尔滨,0451,2.8,"4.9,0.8,3.1,2.4",20,277,1
126.612812,45.773415,红星广场,B01C30K8YP,哈尔滨,0451,3.1,"2.4,3.8,3.8,1.3,4.4,2.7",30,89,1
126.965359,45.494265,金太祖陵,B01C30J473,哈尔滨,0451,1.7,1.7,5,268,4
126.586989,45.794050,太阳岛风景区-松鼠岛,B01C30KFOI,哈尔滨,0451,0.4,0.4,5,62,4
127.16715,44.930764,政府广场,B0FFFYPBTM,哈尔滨,0451,2.9,"0.9,2.4,3.4,3.3,4.3",25,185,5
126.327246,45.372379,观音寺,B01C30K39U,哈尔滨,0451,0,,0,51,2
126.674942,45.747923,哈尔滨开发区景观广场,B01C30J281,哈尔滨,0451,3.5,3.5,5,99,1
126.696370,45.766036,陶然园,B01C30IX43,哈尔滨,0451,3.3,3.3,5,244,3
126.688509,45.780012,滨河文化雕塑园,B01C304YS9,哈尔滨,0451,2.3,"0.8,4.1,0.4,3.9",20,82,1
126.644735,45.724592,新业园,B01C30J36R,哈尔滨,0451,1.7,"4.1,0.5,0.6,0.4,1.6,1.7,2.8,0.0,2.9,2.5",50,223,4
127.230570,45.610218,长寿国家森林公园-大青山风景区,B0FFHLPVUS,哈尔滨,0451,3.5,"3.6,3.8,3.2",15,152,5
126.442493,45.698622,长岭湖旅游区,B01C31DKTK,哈尔滨,0451,2.2,"1.3,4.1,1.8,1.8",20,50,4
127.098383,45.086611,九三景区,B01C30LALC,哈尔滨,0451,2.4,"2.2,3.7,2.4,0.0,3.8",25,82,3
126.619847,45.770875,犹太国民银行,B01C3174PB,哈尔滨,0451,0,,0,211,1
126.619089,45.774300,拉比诺维奇大楼,B01C3174PI,哈尔滨,0451,2.6,"4.0,3.4,2.3,0.7,2.7",25,82,4
126.618741,45.773647,松浦洋行,B01C317JIC,哈尔滨,0451,2.3,"1.9,1.6,1.4,1.1,3.5,4.0,2.8",35,62,1
127.370042,45.301118,森工平山神鹿旅游区,B0FFJFLHK6,哈尔滨,0451,2.9,"4.8,2.1,4.4,0.8,1.8,2.4,4.2",35,98,1
126.577313,45.738903,安阳河园,B01C319AF5,哈尔滨,0451,1.4,"2.4,0.8,0.8,1.3,1.8",25,103,1
126.656169,45.588044,和平广场,B01C318IVY,哈尔滨,0451,1.6,"0.3,1.5,0.4,4.7,0.9,0.7,2.8",35,211,5
126.634217,45.786366,道外江畔公园-景阳广场,B01C319IEU,哈尔滨,0451,2.0,"1.8,0.8,0.9,4.1,2.4",25,162,1
126.597035,45.793399,太阳岛风景区-听雨廊,B01C319H1Q,哈尔滨,0451,2.8,"1.4,4.4,2.5",15,159,3
128.500891,45.319261,长寿山国家森林公园,B0FFHBIS50,哈尔滨,0451,2.8,"3.9,2.3,4.7,0.4",20,157,4
128.766053,46.485686,清河原始森林公园,B0FFGZGOJC,哈尔滨,0451,1.1,"0.6,0.2,2.4",15,127,2
126.530629,45.796348,松花江湿地,B01C31D80V,哈尔滨,0451,3.2,3.2,5,245,1
128.8243,45.855859,方正湖公园,B01C318CQL,哈尔滨,0451,0,,0,254,2
127.387444,46.082875,西郊公园,B01C318BX2,哈尔滨,0451,2.5,"1.6,4.1,1.4,2.3,4.6,3.7,3.2,1.4,0.0",45,264,2
127.164374,44.934997,金山公园,B01C30J4F6,哈尔滨,0451,1.9,"0.4,2.8,4.6,2.4,2.2,0.3,0.7",35,98,5
126.657463,45.793557,哈尔滨关道衙门旧址,B01C3182A7,哈尔滨,0451,0,,0,147,4
129.568410,46.306213,南屏亭,B01C30I4MI,哈尔滨,0451,2.3,"3.3,0.5,0.3,1.5,3.3,1.9,2.7,3.3,4.3,2.2",50,150,3
126.663034,45.767523,白桦园,B01C31ATBF,哈尔滨,0451,0,,0,218,1
126.665745,45.777630,极乐寺-文化旅游区,B0FFFAKLEC,哈尔滨,0451,2.6,"0.9,1.2,3.1,3.5,4.1",25,244,2
126.561317,45.739178,音乐谷喷泉,B0FFG8AOB2,哈尔滨,0451,1.6,"3.6,0.6,0.9,2.4,1.6,0.7",30,292,5
126.684805,45.789434,长青寺,B01C3171IH,哈尔滨,0451,3.5,"2.4,4.5",10,134,2
126.627199,45.782819,火车主题广场,B0FFHKL3IM,哈尔滨,0451,3.4,"0.5,4.9,3.9,4.3",20,201,4
126.314259,45.374810,中国人民解放军第四野战军纪念馆,B0FFFTNKJK,哈尔滨,0451,0.1,0.1,5,274,2
126.965051,45.505623,阿城市宝胜寺,B01C319GSO,哈尔滨,0451,1.1,"1.9,2.0,0.3,0.3,1.2",25,125,3
127.214346,45.747068,太平寺,B01C318D6O,哈尔滨,0451,2.1,"2.9,0.4,3.2,1.6,4.3,2.5,0.1",35,152,4
129.555314,46.317459,财神庙,B01C30IT1E,哈尔滨,0451,2.8,"2.1,3.7,1.8,0.4,4.1,3.7,1.9,4.4,2.8",45,77,5
128.068746,45.056173,尚志市佛光山普照寺,B01C30IG3O,哈尔滨,0451,2.3,"2.3,4.2,2.9,1.5,0.5",25,201,5
126.636906,45.752916,中东铁路督办公署,B01C3170XU,哈尔滨,0451,1.9,"2.7,3.3,1.1,1.7,0.7",25,94,5
126.618400,45.705671,天天广场,B01C31ATIC,哈尔滨,0451,1.8,"2.7,0.5,0.5,0.7,3.8,2.3,0.1,2.7,0.4,3.8",50,151,2
126.694360,45.782075,红河新区广场,B01C30IWDQ,哈尔滨,0451,1.8,"0.2,3.3",10,75,4
126.709732,45.953227,呼兰河口湿地欢乐冰雪世界,B0FFILANV8,哈尔滨,0451,2.7,"3.4,1.5,3.1",15,99,2
126.562881,45.927178,宏伟基督教堂,B01C318C12,哈尔滨,0451,1.1,"2.9,0.5,0.5,1.4,1.0,0.4",30,72,1
126.651406,45.764567,哈尔滨基督教堂,B01C30K8QU,哈尔滨,0451,3.7,"2.5,4.9",10,273,5
126.663436,45.768108,风铃园,B01C3028A5,哈尔滨,0451,2.2,"1.8,0.6,1.2,2.5,3.4,2.7,4.1,1.0",40,263,3
128.070797,45.946087,明性庵,B01C319H6C,哈尔滨,0451,2.7,"3.6,0.5,3.4,2.5,3.4",25,266,3
128.333911,45.448409,山河公园,B01C317LJL,哈尔滨,0451,3.7,"5.0,4.9,3.3,3.9,2.1,2.6,3.3,4.3",40,194,1
127.957061,46.416783,天主堂,B01C3172CH,哈尔滨,0451,2.6,"4.9,0.2",10,104,3
126.641591,45.660808,征仪园,B01C318CKI,哈尔滨,0451,2.2,"2.7,1.8,1.4,3.2,1.7",25,286,5
126.600113,45.787275,太阳岛风景区-夏花园,B01C31DJ1E,哈尔滨,0451,0,,0,61,2
126.655684,45.809387,阿勒锦岛湿地公园,B0FFGLQWEL,哈尔滨,0451,2.9,"3.2,5.0,2.6,0.5,3.4,4.4,2.7,1.1,3.2,2.8",50,83,4
126.300531,45.361529,承恩门,B01C30J49O,哈尔滨,0451,3.2,"4.5,1.1,1.9,4.9,3.7,4.9,1.6",35,76,5
126.600707,45.792456,太阳岛风景区-绿野仙踪,B01C31DJ17,哈尔滨,0451,1.2,"0.0,2.5",10,93,2
127.462272,45.743533,以哲公园,B01C30J3WD,哈尔滨,0451,1.4,"0.3,2.9,0.6,0.4,0.9,2.1,1.1,4.7,0.3,1.0",50,208,3
127.381812,45.749724,英杰风景区,B0FFIGI4HL,哈尔滨,0451,2.1,"2.3,2.5,1.4",15,75,2
127.561310,46.194046,壹台山风景区,B0FFI6MDPT,哈尔滨,0451,2.9,"1.4,4.4",10,194,3
126.617704,45.772950,中共六大代表秘密接待站遗址,B0FFG7TGIM,哈尔滨,0451,1.8,"0.5,0.4,4.5",15,105,1
127.921246,44.558976,鹰盘山庄,B01C31DKTU,哈尔滨,0451,2.7,"4.9,1.8,1.3",15,277,5
127.800755,45.605109,大青山景区,B01C31DKTJ,哈尔滨,0451,3.3,"2.4,4.4,2.6,3.8",20,138,4
126.623367,45.776752,兆麟公园-鸳鸯湖,B01C31DJ1V,哈尔滨,0451,2.7,"3.9,4.2,2.5,2.5,0.6,3.5,1.7",35,98,3
126.594044,45.764143,哈尔滨故事,B01C31AO1M,哈尔滨,0451,1.5,"0.2,3.5,0.0,0.1,2.3,2.9",30,163,4
126.764632,45.734884,黑龙江省香坊实验农场有限公司,B01C30K5R6,哈尔滨,0451,1.9,"1.0,2.5,1.9,1.7,0.2,4.7,1.0",35,260,2
126.966992,45.5364,阿城清真寺,B01C31C8UN,哈尔滨,0451,2.1,"2.5,3.4,2.5,1.2,1.8,2.2,1.5,1.9",40,128,4
126.715913,45.782094,一机公园,B01C3189RO,哈尔滨,0451,2.3,"1.9,3.2,2.0,4.5,1.0,2.1,0.5,1.3,4.5,1.7",50,147,3
126.619534,45.774498,犹太医院,B01C3174PL,哈尔滨,0451,0,,0,214,5
129.556294,46.320620,五国头城,B01C301AFD,哈尔滨,0451,2.4,2.4,5,96,3
126.625761,45.777197,希尔科夫公爵的私邸,B0FFG7MWJK,哈尔滨,0451,3.6,"4.6,2.7",10,125,5
126.632748,45.749273,哈尔滨法政大学遗址,B0FFFAL6QI,哈尔滨,0451,1.5,"1.5,0.8,3.3,0.5",20,80,1
126.601760,45.791888,太阳岛风景区-鹤翔亭,B01C31DJ15,哈尔滨,0451,2.2,"0.7,2.6,3.0,2.8,0.9,4.1,1.6,1.7",40,80,2
126.650526,45.760604,省委广场,B01C30KE89,哈尔滨,0451,2.2,"0.6,2.6,3.8,3.0,2.1,1.1",30,27,1
126.659576,45.751499,激情广场,B01C30KD44,哈尔滨,0451,2.0,"3.9,0.0,2.4,1.9,3.7,2.2,0.0,2.5,1.2",45,292,4
126.659614,45.636025,黑龙江省农科院园艺博览园,B0FFH8BT2P,哈尔滨,0451,2.4,"3.0,1.8",10,197,3
126.618182,45.777406,秋林商行道里分行,B01C318310,哈尔滨,0451,1.1,"1.2,0.6,2.1,0.6",20,224,2
128.339384,45.456274,大众广场,B0FFGIWQEK,哈尔滨,0451,1.2,1.2,5,218,2
127.937816,46.381493,慈航古寺,B01C3172CJ,哈尔滨,0451,0,,0,245,3
129.555601,46.311809,依兰县清真寺,B01C30IT0H,哈尔滨,0451,1.8,"0.9,1.7,0.5,4.0",20,156,3
129.199752,45.948148,方正抗联英烈纪念地,B01C30I8YC,哈尔滨,0451,2.5,"2.0,2.0,2.2,3.2,0.7,2.6,3.7,2.8,3.5",45,164,3
126.671182,45.779628,哈尔滨文化公园-鸟语林动物园,B01C3051IL,哈尔滨,0451,2.7,"3.7,1.9,2.9,1.6,0.8,4.1,3.4,4.3,1.9",45,189,4
126.533963,45.871788,四季公园,B01C31758E,哈尔滨,0451,3.3,"4.0,4.9,3.3,3.7,0.5",25,110,5
126.536190,45.709583,群力健康生态园,B0FFI1ZW3S,哈尔滨,0451,2.3,"0.1,3.6,0.8,1.4,2.7,3.8,1.4,4.2",40,61,1
128.281098,45.267432,元宝山公园,B01C3032D6,哈尔滨,0451,2.8,"4.6,3.4,0.5,2.3,0.5,4.0,4.6",35,219,5
126.657358,45.793912,哈尔滨市关道遗址文化公园,B01C30KFSV,哈尔滨,0451,3.5,"4.3,3.0,4.9,0.5,4.2,4.4",30,127,2
126.631882,45.753966,北秀广场,B0FFFAKVJL,哈尔滨,0451,0,,0,202,4
126.612242,45.777668,人民音乐家郑律成生平事迹展馆,B01C31ANIJ,哈尔滨,0451,0,,0,28,4
126.646993,45.771304,清真西寺,B01C305EEE,哈尔滨,0451,3.1,"1.9,2.3,4.7,1.2,2.9,4.3,4.2",35,39,3
126.669950,45.760237,品味心境三湖慈鲷水族馆,B0FFHJ9G1Z,哈尔滨,0451,3.1,"5.0,1.3",10,100,2
126.640264,45.770660,东北抗日爱国烈士纪念塔,B01C30IXRE,哈尔滨,0451,1.8,"1.8,1.1,2.0,1.4,3.0,2.7,0.8",35,172,1
126.660076,45.791002,周恩来早期来哈开展革命活动居住地遗址,B01C318432,哈尔滨,0451,2.2,"0.8,0.4,4.4,1.1,0.8,3.5,2.3,1.6,4.7",45,92,3
126.791780,45.797121,天恒山风景名胜区,B0FFH95Z50,哈尔滨,0451,2.8,"5.0,4.3,3.5,0.2,1.0",25,143,5
126.336072,45.365503,承旭公园,B0FFF2BPOV,哈尔滨,0451,2.5,"0.3,1.0,2.9,1.4,4.6,2.5,2.7,1.7,3.2,4.5",50,115,3
126.547730,45.670305,哈尔滨市南岗区王岗教会,B01C31A5X6,哈尔滨,0451,3.0,"0.8,4.2,3.9,4.0,1.9",25,158,3
126.648710,45.725775,黑龙江中医药大学药用植物园,B01C31BNPB,哈尔滨,0451,1.5,"1.0,0.4,2.4,1.5,0.8,2.8",30,186,1
126.790460,45.713436,基督教堂,B01C319GOF,哈尔滨,0451,3.7,"3.5,3.0,4.7",15,152,5
126.602558,45.796240,浴日台,B01C319GJH,哈尔滨,0451,0,,0,271,5
126.644682,45.791883,哈尔滨市道外区江畔公园,B0FFJBCIUL,哈尔滨,0451,2.9,"2.7,3.3,1.6,4.3,3.9,4.2,2.2,0.8",40,163,1
126.598599,45.770053,哈尔滨市九站公园,B01C3059DJ,哈尔滨,0451,0,,0,248,4
129.019615,45.678438,方正森林公园,B0FFHQ2OUJ,哈尔滨,0451,0.8,"0.9,1.1,0.5",15,136,1
126.55931,45.709961,北方农业现代都市示范园,B01C30KJPL,哈尔滨,0451,2.0,"0.7,3.4",10,269,5
126.515124,45.794916,哈尔滨科技创新新城创新创业广场,B0FFHMGXPU,哈尔滨,0451,4.1,4.1,5,36,2
126.6397,45.781667,老道外中华巴洛克历史文化景区,B01C319EC8,哈尔滨,0451,2.2,"4.0,3.3,3.7,1.4,0.7,0.1",30,182,4
126.617409,45.766396,犹太商人索斯金故居,B01C31APBG,哈尔滨,0451,2.6,"0.3,4.9",10,236,1
126.624604,45.767478,伪满洲中央银行哈尔滨支行旧址,B01C31849Z,哈尔滨,0451,2.7,"4.0,4.8,2.4,2.3,3.2,2.3,0.6,2.7,1.1,3.4",50,179,5
126.654753,45.723886,哈尔滨革命烈士纪念馆,B0FFF6YF8Y,哈尔滨,0451,1.9,"0.0,1.1,3.3,3.3",20,144,4
126.638527,45.754166,沙俄外阿穆尔军区司令部,B0FFFAKLX6,哈尔滨,0451,2.1,"2.8,3.2,0.8,2.7,1.4,0.0,3.9",35,80,1
126.665295,45.775071,文园,B0FFFAKLEE,哈尔滨,0451,1.1,"1.9,0.2",10,186,3
126.630444,45.598746,百利丁香公园,B01C31887E,哈尔滨,0451,2.5,"1.1,3.9,3.5,1.5,2.3,5.0,2.2,0.9,3.7,1.1",50,287,1
128.034850,45.202872,尚志公园,B0FFHHIDTI,哈尔滨,0451,2.8,"0.3,2.4,2.1,2.0,4.3,3.4,5.0",35,119,4
127.550248,46.043103,江畔公园,B01C319HAR,哈尔滨,0451,2.7,"4.4,0.9",10,44,4
129.325127,46.182541,月牙湖公园,B01C317014,哈尔滨,0451,2.4,"2.3,0.6,4.1,0.1,4.2,1.3,3.7,0.7,4.3",45,111,5
127.702256,46.123278,蒙古山景区,B01C31DKTB,哈尔滨,0451,3.5,"4.5,3.7,2.4,4.7,4.4,1.1",30,162,5
127.323021,45.226269,西泉眼水库旅游区,B01C30IEOS,哈尔滨,0451,2.2,2.2,5,126,4
126.595493,45.789656,太阳岛风景区-雪雕艺术园,B01C31A5Y6,哈尔滨,0451,0,,0,290,1
127.189507,45.471498,亚沟摩崖石刻像,B01C31DKTQ,哈尔滨,0451,2.6,"0.6,3.8,3.5,2.6,3.6,1.2,2.8,1.5,3.6",45,229,4
126.594028,45.764198,香格里拉亲水广场小品建筑,B01C31AMWR,哈尔滨,0451,1.9,"0.5,3.4",10,158,3
126.465004,45.822577,玛拉葩塔(枫叶小镇奥特莱斯),B0FFHXYY4W,哈尔滨,0451,3.1,"2.7,2.9,3.5,1.8,4.3,0.8,4.9,4.0",40,38,1
126.336050,45.364430,魁星楼,B0FFGT9O7T,哈尔滨,0451,2.6,"3.6,3.9,1.3,1.4",20,263,5
126.633091,45.752737,许公纪念中学遗址,B0FFFAKX3T,哈尔滨,0451,2.7,"1.9,3.5,1.5,2.4,2.9,2.6,3.7,3.4",40,79,5
126.643036,45.766285,东北抗联博物馆(中共黑龙江历史纪念馆),B01C31APBQ,哈尔滨,0451,0.6,0.6,5,151,4
126.607967,45.772034,中东铁路哈尔滨总工厂俱乐部旧址,B01C3175DV,哈尔滨,0451,0,,0,283,1
126.679294,45.783354,清真寺,B01C30IW8Z,哈尔滨,0451,2.1,"3.9,2.9,1.9,4.5,2.1,1.2,0.3,1.9,0.2",45,221,4
127.406271,46.066555,明覆门,B01C30I5LP,哈尔滨,0451,3.3,"5.0,3.0,1.8",15,229,2
126.686216,45.773002,石园,B01C31AQJJ,哈尔滨,0451,3.2,"2.4,4.0",10,290,2
126.622086,45.768145,哈尔滨党史纪念馆,B01C31ANO9,哈尔滨,0451,2.7,"4.4,4.5,3.6,0.7,0.3",25,222,1
126.695845,45.727758,空中日月广场,B01C3180KD,哈尔滨,0451,2.2,"0.8,3.4,4.7,0.8,4.7,2.5,0.1,2.4,0.4",45,228,2
126.657310,45.794061,哈尔滨市关道遗址文化公园-道台府,B0FFJUS0MO,哈尔滨,0451,1.2,"1.1,1.2,1.9,2.0,0.3,0.2,1.8",35,234,4
126.623648,45.768828,阜合昶(五洲百货店),B0FFJDFE25,哈尔滨,0451,2.3,"1.5,1.1,4.4,0.7,3.8",25,142,3
126.620473,45.776580,德国驻哈尔滨领事馆,B0FFI8VPO2,哈尔滨,0451,0,,0,80,3
126.592113,45.796255,太阳岛风景区-太阳瀑,B01C31A5ZB,哈尔滨,0451,1.5,1.5,5,68,4
126.612702,45.774024,扶轮育才讲习所,B01C31861R,哈尔滨,0451,1.7,"0.1,0.9,4.5,3.8,0.7,0.0",30,124,1
126.609560,45.778548,铁路松花江站站舍之一,B01C3181ZR,哈尔滨,0451,3.2,"2.5,2.5,3.1,4.3,2.1,4.6,3.3",35,208,1
126.611022,45.776438,滨江关监督公署,B01C317459,哈尔滨,0451,2.3,2.3,5,220,3
126.656749,45.792983,关道坊,B01C30KFJC,哈尔滨,0451,3.0,"0.7,4.5,3.6,3.3,2.6,3.4,4.9,2.4,1.9",45,192,1
126.611719,45.790683,圣清观,B0FFI5RK75,哈尔滨,0451,2.9,"1.7,3.6,3.9,2.9,1.0,3.5,0.3,4.9,4.7",45,145,5
128.281094,45.268113,暴风骤雨纪念馆,B0FFFYEVCB,哈尔滨,0451,2.6,"0.6,3.7,0.1,4.2,1.1,3.9,4.4",35,77,4
126.653451,45.767351,张氏墓塔,B0FFGZDPCQ,哈尔滨,0451,2.7,"2.3,3.5,2.2",15,141,5
126.299056,45.396510,神爱世人,B01C317LDF,哈尔滨,0451,4.3,4.3,5,76,3
126.595606,45.792819,太阳岛风景区-太阳湖,B01C30JZO2,哈尔滨,0451,3.2,"2.7,2.7,4.2",15,234,4
127.432929,45.482421,金龙山国际旅游度假区,B0FFJ0EIVZ,哈尔滨,0451,4.5,4.5,5,249,2
126.599810,45.792861,太阳岛风景区-秀木坪,B01C319GKN,哈尔滨,0451,1.1,"2.8,0.3,0.1,1.4",20,249,2
126.593890,45.763738,香格里拉亲水广场,B0FFFRDZGR,哈尔滨,0451,2.3,"4.2,3.6,1.1,1.0,0.7,3.1",30,207,1
127.166159,44.908529,五常市城南广场,B01C30LJK6,哈尔滨,0451,3.0,"3.9,1.2,3.2,3.8",20,202,5
126.604418,45.727928,哈尔滨市南岗区康宁家园基督教堂,B0FFFAIK8M,哈尔滨,0451,2.5,"3.3,4.3,2.0,0.6,2.2",25,61,1
126.603181,45.773777,人民广场,B01C317V8R,哈尔滨,0451,2.3,2.3,5,229,1
126.647721,45.750303,马家沟河面休闲广场,B0FFG1P0DY,哈尔滨,0451,4.0,"4.8,3.5,4.9,3.5,3.5,3.5",30,152,5
128.931199,45.837174,中日友好园林,B01C30ITZ9,哈尔滨,0451,1.9,"0.7,3.9,1.2",15,226,1
127.090956,45.098095,九仙浦,B01C30IG3H,哈尔滨,0451,2.6,"0.8,1.8,4.9,4.0,0.7,2.7,4.9,1.5,2.3,2.1",50,107,2
126.605809,45.788424,太阳岛风景区-凤翔书斋,B01C30IUWZ,哈尔滨,0451,3.7,"4.8,3.3,1.7,5.0",20,225,1
128.288669,46.452687,兴隆国家森林公园,B01C31DKT7,哈尔滨,0451,2.5,"4.0,0.7,2.0,1.9,4.1",25,181,4
126.615959,45.775970,犹太人侨民会,B01C317460,哈尔滨,0451,2.2,"1.0,1.3,1.9,2.8,2.3,3.7,2.6,0.8,3.1",45,291,4
127.276644,45.236153,金泉国家森林公园,B01C31DKTL,哈尔滨,0451,2.1,"2.7,2.3,1.3",15,133,2
128.891345,46.217107,乌龙国家森林公园,B01C319ANA,哈尔滨,0451,2.6,"2.7,2.1,4.3,1.6,1.0,1.5,5.0",35,26,3
127.128917,45.014731,文贤庄园旅游度假区,B01C317FI6,哈尔滨,0451,2.8,"2.4,2.4,2.9,4.5,4.3,4.0,0.4,1.9",40,111,5
126.630196,45.764690,哈尔滨弘报会馆,B01C31835W,哈尔滨,0451,2.4,"1.7,4.1,1.0,2.8,3.0,1.5,4.3,0.9",40,145,4
128.045703,45.941704,金兰公园,B01C3177CE,哈尔滨,0451,2.8,"1.4,4.4,3.6,1.5,2.6,2.0,4.2",35,43,2
126.892967,45.672573,伏特加酒堡,B0FFJC7W69,哈尔滨,0451,3.1,"1.7,4.3,2.6,3.9,4.3,3.6,2.2,2.8,3.5,2.5",50,82,5
127.995290,44.217426,空中花园,B0FFIG8UV6,哈尔滨,0451,2.4,2.4,5,124,1
126.276701,45.541576,元宝城城址,B0FFI0XFJI,哈尔滨,0451,3.3,"3.5,3.6,4.5,2.0,2.7",25,122,5
126.623303,45.769963,巴拉斯旅馆旧址,B0FFHSO0O3,哈尔滨,0451,1.0,"0.3,1.7",10,257,4
127.113628,45.390262,北方森林动物园-中型猛兽馆,B0FFGRN1S7,哈尔滨,0451,3.4,"4.8,3.3,3.9,2.4,4.2,1.0,3.0,3.4,4.8",45,288,2
127.103727,45.390212,北方森林动物园-草食动物散放区,B0FFGRN1RN,哈尔滨,0451,0,,0,292,2
127.109579,45.393265,北方森林动物园-猴山,B0FFGRN1RK,哈尔滨,0451,2.1,"3.3,4.2,0.2,3.2,2.6,0.8,1.1,1.3",40,54,4
129.256017,46.007843,方林文化广场,B0FFGCVOHM,哈尔滨,0451,2.8,"3.1,2.4",10,158,5
127.370080,45.299381,皇家鹿苑草食动物园(驯养示范基地),B0FFG8YYRA,哈尔滨,0451,2.1,"0.5,3.0,2.0,0.5,2.8,1.4,4.2,4.0,1.3,1.4",50,230,5
126.704480,45.728639,田园,B0FFG7TFVO,哈尔滨,0451,1.9,"0.1,1.0,4.4,3.4,2.6,2.1,0.5,1.0,2.2",45,236,4
126.598910,45.816750,东北虎林园步行游览区,B0FFG441GD,哈尔滨,0451,4.0,4.0,5,186,4
126.681283,45.776587,瓦・依・奥列霍夫,B0FFFYTS7I,哈尔滨,0451,2.6,"0.6,3.8,0.0,4.3,2.1,3.0,2.8,3.9",40,238,5
127.154410,44.915982,五常市以马内利礼拜堂,B0FFFYRLI2,哈尔滨,0451,2.6,"2.3,0.7,3.6,3.7",20,259,1
126.638776,45.751204,哈尔滨中俄工业学校遗址,B0FFFAL6RS,哈尔滨,0451,3.6,3.6,5,287,3
126.639305,45.760110,哈尔滨邮政管理局旧址,B0FFFAKW29,哈尔滨,0451,2.6,"2.2,3.2,1.7,1.5,4.2",25,80,2
126.118000,45.503290,感恩堂,B0FFF2OL6J,哈尔滨,0451,1.7,"3.4,0.3,1.5",15,146,4
126.622963,45.763327,玉泉威虎山森林公园驻哈办事处,B01C31APAY,哈尔滨,0451,2.8,"3.2,4.1,2.0,1.9",20,224,4
126.968038,45.536497,清真坊,B01C30J45R,哈尔滨,0451,2.6,"3.7,3.6,1.6,4.1,2.3,0.2,1.5,2.6,3.6",45,137,1
126.314673,45.374958,第四野战军辽沈战役前线指挥部旧址纪念馆,B01C30IED8,哈尔滨,0451,2.7,"3.6,4.8,1.5,3.8,0.3,2.7,2.9,2.1,2.1,3.1",50,23,1
126.618946,45.774323,哈尔滨犹太人活动旧址群远东银行,B0FFGA2D11,哈尔滨,0451,2.6,"1.9,1.7,1.0,3.7,4.6,2.6,1.2,4.5",40,42,2
126.643627,45.756635,历史建筑,B0FFFAKPRY,哈尔滨,0451,2.6,"1.7,3.9,0.0,3.4,1.5,2.4,2.8,3.7,3.6",45,52,1
126.639615,45.720152,知园,B01C31BNPA,哈尔滨,0451,2.9,"0.5,3.7,2.0,3.1,2.9,3.8,4.3,4.7,1.5,2.6",50,268,3
126.300729,45.378193,双城区基督教会黄金礼拜堂,B01C30J49J,哈尔滨,0451,2.5,"2.0,4.3,4.1,0.1,4.3,0.7,2.9,1.4",40,88,3
126.659759,45.751568,教堂广场,B01C31BYUG,哈尔滨,0451,3.4,"4.9,3.9,3.3,1.2,4.5,3.5,3.8,1.3,4.1",45,137,2
126.657749,45.785000,黄鹤楼,B0FFGP0YN4,哈尔滨,0451,1.8,"2.2,4.4,1.0,2.2,0.6,0.6,1.3,0.2,4.7,0.3",50,89,5
126.619609,45.770308,哈尔滨犹太人活动旧址群米尼阿久尔餐厅,B0FFG7TMAG,哈尔滨,0451,1.9,"0.0,4.7,0.8,1.2,2.3,4.1,1.3,1.0",40,244,3
128.449812,44.774830,亚布力滑雪旅游度假区,B0FFG27ADI,哈尔滨,0451,2.1,2.1,5,172,5
127.262241,45.622523,长寿国家森林公园-长寿山庄,B01C317E9V,哈尔滨,0451,3.5,"3.8,4.9,2.3,2.9",20,291,3
126.601471,45.762077,火车头广场,B01C31C270,哈尔滨,0451,2.2,"1.9,2.4,1.1,1.9,1.9,0.5,4.2,3.1,3.1",45,24,1
126.636486,45.818579,松浦教堂,B0FFFU1UHD,哈尔滨,0451,3.2,"4.4,4.9,2.4,0.9",20,230,4
126.400366,45.556084,五家基督教堂,B01C317EBA,哈尔滨,0451,2.0,"2.3,3.9,0.9,0.0,4.1,1.3,1.6",35,108,5
129.416710,46.170278,基督教堂,B01C319GOG,哈尔滨,0451,0,,0,246,1
126.663953,45.737419,翠竹园,B01C30J57K,哈尔滨,0451,2.2,"3.8,2.6,2.6,4.4,1.4,1.0,1.2,0.8",40,34,4
126.789550,45.788048,基督教会(东风礼拜堂),B0FFI9U034,哈尔滨,0451,1.0,1.0,5,295,3
126.671991,45.779194,哈尔滨文化公园-动物园,B0FFH83EQZ,哈尔滨,0451,0,,0,221,5
127.098495,45.346214,小桂林,B0FFGO0JFY,哈尔滨,0451,2.6,"0.6,3.1,4.3,4.4,2.0,2.1,2.3,0.2,4.5",45,132,1
126.638054,45.764866,霁虹广场,B01C318HZG,哈尔滨,0451,4.1,"4.5,4.0,3.7,3.7,4.7",25,34,4
127.355543,45.657049,杨家屯公园-英杰风景区,B0FFHS75OT,哈尔滨,0451,0.7,0.7,5,234,4
126.626143,45.769010,哈尔滨会馆,B01C3186T2,哈尔滨,0451,2.9,"1.1,2.3,0.9,4.0,4.3,4.5",30,104,4
126.638731,45.749812,中东铁路管理局副局长阿法纳西耶夫官邸,B01C3179M3,哈尔滨,0451,2.1,"4.1,0.1",10,91,1
126.512025,45.703843,广瀚公园,B0FFHCBNQC,哈尔滨,0451,2.4,"1.6,0.4,2.7,4.9",20,108,1
126.623627,45.768910,阜合昶五洲货店旧址,B01C3174QI,哈尔滨,0451,2.7,"4.7,3.3,4.4,1.5,4.0,0.4,0.2,3.2",40,187,3
126.657849,45.748169,马忠骏早期旧居,B0FFG7R31N,哈尔滨,0451,2.4,"3.5,0.7,1.0,2.7,3.3,0.0,4.2,4.2",40,77,1
126.985213,45.494678,金上京瓮城遗址,B01C31A5XL,哈尔滨,0451,0,,0,172,3
126.602341,45.786404,太阳岛风景区-凯瑟琳外景庄园,B01C30IUWV,哈尔滨,0451,3.1,"3.7,3.7,3.0,0.9,1.3,4.9,4.5",35,152,5
127.408809,46.088955,文治门,B01C30ITCL,哈尔滨,0451,0,,0,155,4
126.781532,45.798258,知青公园,B0FFG8YIWA,哈尔滨,0451,0,,0,275,4
126.505234,45.51005,祥和公园,B01C31CSIZ,哈尔滨,0451,2.4,2.4,5,155,3
129.561240,46.417268,幸福公园,B01C31C9F9,哈尔滨,0451,1.9,"0.6,0.2,2.3,2.6,1.5,4.7,2.5,0.9",40,26,5
127.958819,45.217765,老子雕像,B0FFIAB3OK,哈尔滨,0451,0,,0,188,2
126.853391,45.452959,驸马城遗址,B0FFHTMIIT,哈尔滨,0451,1.7,"2.6,2.2,0.3",15,281,1
126.874969,45.877981,鹿鲁站,B0FFHSFHBK,哈尔滨,0451,2.6,"0.7,4.5,3.1,1.3,4.6,2.1,2.1",35,181,4
126.561820,45.801547,太阳岛花田,B0FFHEE18W,哈尔滨,0451,3.7,"4.3,2.7,3.2,4.7,2.4,4.7",30,73,1
126.609261,45.747766,黑龙江饶河东北黑蜂国家级自然保护区,B0FFHB3XJ5,哈尔滨,0451,1.4,1.4,5,219,1
129.001405,44.917679,虎峰簸箕崴子风景区,B0FFG746M4,哈尔滨,0451,3.3,"3.3,3.7,4.6,3.7,3.4,2.4,3.0,2.2",40,143,2
126.495069,45.512174,五龙源,B0FFFSBVHO,哈尔滨,0451,2.1,"2.5,0.2,1.2,2.2,4.5",25,145,5
128.268735,46.159131,中国龙江兴隆鸡冠山,B0FFFNOTEM,哈尔滨,0451,0.8,"0.9,0.7",10,265,3
127.404566,45.456462,金龙山国家森林公园-老祖母顶景区,B01C31DKTR,哈尔滨,0451,1.8,"1.6,4.9,0.6,4.9,0.2,0.2,0.9,1.2,1.6",45,127,5
126.053836,45.455878,花果山度假村,B01C31DKTO,哈尔滨,0451,1.8,1.8,5,207,2
127.580956,46.191110,龙泉驼峰旅游区,B01C31DKTG,哈尔滨,0451,3.3,"0.9,4.0,4.2,2.9,4.5",25,87,2
127.431941,46.309616,朝鲜族风情,B01C31DKTF,哈尔滨,0451,2.1,"2.9,0.7,4.2,0.4,2.5",25,297,3
126.511600,46.072681,团山景区,B01C31DKTE,哈尔滨,0451,0,,0,103,3
128.924869,46.206365,乌龙狩猎场,B01C31DKT9,哈尔滨,0451,2.3,"0.8,1.9,1.6,2.0,4.2,4.0,1.6,0.2,4.7",45,29,5
127.407362,45.738139,葵花岭,B01C31DJ23,哈尔滨,0451,0,,0,179,3
126.285610,45.633458,金河公园-野狼湖生态风景区,B01C319H0T,哈尔滨,0451,2.8,"0.5,4.4,4.9,1.3",20,209,3
127.155957,44.919208,文化广场,B01C30JYHN,哈尔滨,0451,2.1,"1.9,4.4,1.4,1.8,2.8,0.3",30,151,1
127.203397,45.425468,玉泉景区,B01C3037TS,哈尔滨,0451,2.2,"2.6,2.3,1.8,3.0,0.9,2.8,1.8,2.3",40,169,3
129.267434,46.607418,丹清河国家森林公园-丹清河景区,B01C300021,哈尔滨,0451,3.0,"4.0,4.7,3.0,1.9,2.6,3.2,1.2,2.8,2.5,3.9",50,273,2
128.536268,45.665934,关门山水库景区,B01C300019,哈尔滨,0451,0,,0,272,2
126.599797,45.792094,太阳岛风景区-戏水乐园,B01C31A5Y0,哈尔滨,0451,4.2,4.2,5,256,1
126.606923,45.689651,侵华日军第七三一部队细菌弹壳制造厂遗址,B0FFI6IA08,哈尔滨,0451,0,,0,175,4
126.655605,45.776093,滨江站站前西广场,B0FFG7QZK2,哈尔滨,0451,0,,0,239,1
126.651465,45.785152,太古广场,B0FFF4IUQ7,哈尔滨,0451,2.5,"3.2,3.5,2.1,1.1",20,135,1
126.618977,45.774874,犹太人P・A・别尔克维奇大楼,B0FFFAL7WI,哈尔滨,0451,2.5,"3.2,2.8,2.0,1.4,3.6,2.0,2.7",35,299,4
126.648153,45.713039,黛秀公园,B01C30J3GP,哈尔滨,0451,2.7,"3.4,3.3,3.7,0.7,3.6,1.3",30,99,2
126.968546,45.499456,哈尔滨金源文化旅游区-金京塔林园,B01C30KJTQ,哈尔滨,0451,2.8,"3.2,2.3,1.9,4.8,1.8",25,260,2
126.671029,45.774596,馨园,B0FFFAL07J,哈尔滨,0451,2.4,"2.5,2.5,0.6,2.1,3.8,4.4,1.3,1.9",40,182,2
126.572245,45.752469,哈尔滨音乐公园,B01C318A7H,哈尔滨,0451,2.1,"2.3,4.2,2.5,2.1,1.9,2.5,2.7,0.5,0.6",45,55,1
126.622886,45.777305,兆麟公园,B01C302ABE,哈尔滨,0451,2.2,"4.4,2.1,0.0,3.3,0.1,3.7,3.2,0.8",40,276,5
126.697135,45.739918,人民健身广场,B01C30J1HV,哈尔滨,0451,3.3,"0.3,3.2,4.4,3.7,1.9,4.8,4.7",35,131,1
126.685067,45.721858,历史文化广场,B01C30HYNF,哈尔滨,0451,2.5,2.5,5,177,2
126.616527,45.975625,呼兰区基督教会中心堂,B01C318HMI,哈尔滨,0451,3.6,3.6,5,183,4
128.011085,45.119626,周山植物园,B01C30400A,哈尔滨,0451,3.4,3.4,5,25,2
129.200715,45.902917,方正大罗密河(抗联遗址)漂流,B01C303F82,哈尔滨,0451,2.1,"2.6,0.2,2.0,0.6,5.0",25,87,1
129.563624,46.319180,基督教会依兰县中心礼拜堂,B01C301AF1,哈尔滨,0451,2.2,"3.5,2.9,3.6,0.6,0.2",25,58,1
126.511373,45.883240,生态公园,B0FFHL81IT,哈尔滨,0451,1.6,"0.3,2.1,2.6,0.2,3.0",25,217,2
126.536823,45.793768,一湖三岛,B0FFGXZODU,哈尔滨,0451,0,,0,141,2
126.621222,45.775685,一毛钱饭馆遗址,B01C31839W,哈尔滨,0451,3.0,"3.3,3.6,1.9,3.1,0.1,2.8,4.6,4.5",40,180,2
126.618795,45.774130,历史建筑,B01C3174PV,哈尔滨,0451,2.8,2.8,5,283,5
126.509371,45.721921,民生公园,B01C317V8H,哈尔滨,0451,2.2,"3.7,2.0,0.7,1.0,2.6,2.5,0.4,4.4,2.3",45,41,2
129.590897,46.332910,东山公园,B01C303234,哈尔滨,0451,0,,0,87,3
126.644971,45.602150,兴建B区广场,B0FFFAKP1Q,哈尔滨,0451,2.7,"1.6,0.8,4.4,4.1",20,217,2
126.653503,45.666904,黄炎培广场,B01C31DMWE,哈尔滨,0451,2.7,"2.4,1.2,1.6,2.8,3.5,0.9,4.4,4.5",40,263,2
126.583400,45.688580,阳光休闲广场,B01C3188XY,哈尔滨,0451,2.6,"1.5,4.4,1.9,1.1,3.7,3.2",30,216,4
126.622398,45.778764,兆麟公园-李兆麟将军墓,B01C30JZ1Q,哈尔滨,0451,3.5,"5.0,3.7,4.4,1.1,1.9,4.8",30,217,4
126.645982,45.784725,哈尔滨啤酒文化广场,B01C305DSU,哈尔滨,0451,2.5,"4.1,4.0,2.9,3.9,0.9,0.4,2.8,0.9",40,286,1
126.745127,45.725590,香坊区幸福镇乡村文化广场,B0FFHQR2H7,哈尔滨,0451,2.0,"0.5,0.1,3.5,3.1,0.3,1.5,2.2,4.0,3.8,1.4",50,52,3
126.612274,45.777660,人民音乐家郑律成纪念馆,B0FFH85FH7,哈尔滨,0451,2.7,2.7,5,32,1
126.594202,45.742997,地藏寺,B0FFH7AALO,哈尔滨,0451,2.5,"0.6,3.9,2.9",15,92,2
126.637023,45.782107,陈氏接骨院创始人陈占奎先生纪念医寓,B0FFGALBNV,哈尔滨,0451,1.9,"0.9,3.9,2.3,1.3,1.3,1.4",30,190,1
126.616934,45.769175,犹太免费食堂和犹太养老院旧址,B0FFG7TGFT,哈尔滨,0451,1.3,"4.4,0.1,0.1,1.6,1.4,1.2,0.1",35,133,4
126.703622,45.722779,啤酒文化广场,B0FFG7N5VF,哈尔滨,0451,2.9,"0.9,4.7,2.4,3.6",20,143,3
128.753544,45.975320,清真寺,B0FFG2OL7U,哈尔滨,0451,2.2,"4.3,0.2,2.8,1.7",20,75,1
126.578855,45.891467,宏信基督教会,B0FFFWBE1L,哈尔滨,0451,2.2,"2.0,2.2,1.7,0.2,1.9,4.7,4.6,0.8,1.3",45,27,1
126.683704,45.775702,哈军工文化园,B0FFFHB5XY,哈尔滨,0451,3.2,"4.9,3.6,4.0,3.0,0.4",25,97,4
126.650324,45.757402,日本驻哈尔滨领事官邸旧址,B0FFFAK99W,哈尔滨,0451,2.6,"1.5,4.0,2.9,4.7,0.5,3.5,1.4",35,22,4
126.661671,45.773447,南岗文化广场,B01C31ATHG,哈尔滨,0451,2.0,"2.3,2.4,0.7,0.9,1.9,3.4,3.4,0.4,3.6,1.0",50,161,3
126.970189,45.527909,建设局广场,B01C31ATFQ,哈尔滨,0451,2.5,"0.3,4.8",10,233,5
126.610866,45.988074,健身广场,B01C30I7J1,哈尔滨,0451,1.4,"2.4,1.2,0.7,2.6,0.0",25,41,4
126.547654,45.769698,古兰滩,B0FFH22LE9,哈尔滨,0451,2.7,"2.6,2.9,4.6,1.3,2.1,1.9,2.6,3.7",40,228,3
127.164970,45.764086,耀辉演艺啤酒广场,B0FFG4QUH6,哈尔滨,0451,2.8,"2.3,3.4",10,32,2
126.635062,45.593226,哈尔滨市基督教教会平房礼拜堂,B0FFHXM18I,哈尔滨,0451,2.1,"4.5,2.1,1.2,0.5",20,174,5
126.617334,45.773154,犹太私人医院旧址,B0FFHHI9ZM,哈尔滨,0451,1.9,"1.0,0.8,0.2,1.3,1.8,2.8,3.8,3.4",40,205,1
126.643452,45.781749,会华宫,B0FFJDFKS3,哈尔滨,0451,1.9,"0.5,1.0,3.0,1.6,1.6,3.8,0.4,2.2,0.2,4.4",50,268,2
127.482073,45.755483,贝勒府,B0FFJ7R19N,哈尔滨,0451,2.1,"2.5,0.8,1.8,3.7,1.5,1.7,1.7,3.8,1.0",45,163,2
126.730189,45.925871,莲花岛,B0FFIJ263P,哈尔滨,0451,2.4,"4.6,3.6,3.0,0.2,1.4,0.1,2.8,2.2,3.8",45,139,1
127.165173,45.574811,红星水库,B0FFIBR7ZM,哈尔滨,0451,1.3,1.3,5,172,2
126.612447,45.761237,安重根义士纪念馆,B0FFI6BNND,哈尔滨,0451,2.1,"0.0,4.6,0.7,2.9,3.3,1.6,1.4",35,280,4
126.688685,45.779905,雕塑园,B0FFFYCDBK,哈尔滨,0451,1.7,"0.9,1.4,0.8,1.3,2.6,2.9",30,103,2
127.271551,45.215720,西泉眼,B0FFFPMSDB,哈尔滨,0451,3.5,"5.0,2.4,4.9,2.8,1.1,4.8",30,50,3
127.101271,45.087911,石刀山,B0FFF3435R,哈尔滨,0451,2.5,"3.1,4.6,0.2,2.1",20,117,3
126.622085,45.768152,天马广告社遗址,B01C31AO2I,哈尔滨,0451,3.4,"4.9,1.8,3.4",15,235,3
126.610618,45.774508,中东铁路职员竞技会馆旧址,B01C31ANVD,哈尔滨,0451,3.5,"4.7,2.4",10,221,5
126.628715,45.769372,日本东洋拓殖株式会社分社,B01C31858K,哈尔滨,0451,3.4,"1.8,3.6,4.9",15,276,3
126.655022,45.767691,中共中央东北局北满分局遗址,B01C3180SH,哈尔滨,0451,2.1,2.1,5,290,1
126.329350,45.370260,承旭门,B01C30JLUE,哈尔滨,0451,3.3,"3.2,3.9,4.9,0.8,3.9",25,246,4
126.495433,45.707964,道里区建国礼拜堂,B01C30IYZM,哈尔滨,0451,2.8,"2.2,4.6,3.4,1.0,3.2,3.0,1.9,0.6,3.6,4.5",50,280,5
126.615855,45.715608,百子里公园,B0FFG4OU6R,哈尔滨,0451,2.3,"3.6,2.6,0.8,1.4,3.1",25,109,2
126.640283,45.762486,青年广场,B0FFFAKW0Y,哈尔滨,0451,2.5,"3.5,1.9,1.3,3.2,0.7,4.5",30,38,2
126.591082,45.786032,太阳门,B01C31A5Y5,哈尔滨,0451,2.1,"3.8,0.3,0.4,0.1,1.1,1.8,4.8,4.4",40,83,3
128.411003,44.979480,八里湾山庄,B01C31DKTT,哈尔滨,0451,0.7,"1.3,0.0",10,91,1
126.600320,45.791222,太阳岛风景区-含春园,B01C31DJ14,哈尔滨,0451,2.2,"4.7,2.0,1.7,0.5,2.3",25,61,1
126.595450,45.794053,太阳岛风景区-太阳山,B01C31A5YV,哈尔滨,0451,1.4,"2.3,1.7,0.9,0.2,0.8,3.6,0.1",35,131,4
127.679946,44.376198,红叶谷,B0FFJOZ2CJ,哈尔滨,0451,1.1,1.1,5,28,2
128.972917,44.933757,虎峰岭风景区,B0FFIT2A82,哈尔滨,0451,3.6,"3.5,3.6,3.8",15,145,1
126.539664,45.693141,哈尔滨市海宁皮革城旅游景区,B0FFIOBXLJ,哈尔滨,0451,2.7,"1.4,2.6,4.5,3.6,1.3,3.0",30,199,2
126.854898,45.750089,哈尔滨市华南城休闲文化旅游区,B0FFIOBXGE,哈尔滨,0451,2.9,"3.2,3.7,3.1,0.8,2.9,4.6,1.7",35,212,1
126.613534,45.763757,犹太侨民波多尔斯基旧居,B0FFHPOZ0A,哈尔滨,0451,2.0,"0.2,3.4,2.2,4.5,0.4,3.3,1.1,1.6,1.6",45,68,5
127.957560,45.216958,千龙壁,B0FFGRN37J,哈尔滨,0451,0,,0,148,5
126.622483,45.776678,兆麟公园-天鹅湖(森林街),B0FFGCWA1D,哈尔滨,0451,2.7,"2.2,0.0,3.8,4.2,2.3,3.8",30,255,5
126.619640,45.770129,满洲中央银行分行,B0FFG7TML9,哈尔滨,0451,2.8,"2.7,4.7,0.2,3.3,2.5,3.2",30,227,3
126.625460,45.766166,环卫工人雕塑碑文,B0FFG7R33P,哈尔滨,0451,3.1,"3.8,0.6,4.4,5.0,1.6",25,181,5
126.641647,45.765628,日满文化协会,B0FFG7R2HV,哈尔滨,0451,2.5,"4.0,2.5,1.1",15,63,5
126.619579,45.771970,奥昆大楼,B0FFG7R17F,哈尔滨,0451,4.0,"3.9,4.1",10,194,3
126.620741,45.776539,德国驻哈尔滨领事馆原址,B0FFG7QZ6B,哈尔滨,0451,0,,0,222,3
126.633091,45.752737,许公实业学校,B0FFFAKX3P,哈尔滨,0451,2.8,"2.5,3.7,2.2",15,251,3
126.626695,45.752222,中东铁路局厂房,B0FFFAKTWC,哈尔滨,0451,2.5,"0.2,2.6,4.7",15,286,4
126.642349,45.756647,新哈尔滨旅馆,B0FFFAKLV1,哈尔滨,0451,3.7,"3.5,4.8,3.5,2.6,3.6,4.7,3.3,3.6",40,50,4
127.405151,45.728626,龙珠溜索,B0FFF4JBV5,哈尔滨,0451,3.1,"1.9,2.0,3.2,3.8,4.9,2.0,4.2",35,162,4
126.622521,45.777087,兆麟公园-将军亭,B01C31DJWM,哈尔滨,0451,3.0,"4.1,0.7,3.0,4.2,3.8,4.4,1.0",35,131,4
126.622840,45.775883,兆麟公园-青草塘,B01C31DJ1Z,哈尔滨,0451,3.1,"0.8,1.7,3.6,4.4,5.0,4.4,1.9,3.8,4.6,0.6",50,48,5
126.591629,45.793428,太阳岛风景区-哈尔滨新友谊园,B01C31BNPN,哈尔滨,0451,0,,0,37,5
126.609334,45.777688,斯大林公园-友谊门,B01C31AO6V,哈尔滨,0451,0,,0,214,3
126.599950,45.768552,腾飞之鸽,B01C31ANNR,哈尔滨,0451,2.1,"2.6,1.5,0.1,3.5,2.2,2.6",30,119,4
126.590862,45.785920,太阳岛风景区-太阳石,B01C31A5Y8,哈尔滨,0451,0,,0,42,4
129.351134,46.448518,烟筒山景区,B01C30ISYN,哈尔滨,0451,2.5,2.5,5,115,3
126.684333,45.725373,哈尔滨市尚志公园管理处,B01C30I01Y,哈尔滨,0451,2.1,"0.6,2.4,3.7,0.1,3.6",25,40,1
128.620278,46.114835,铧子山景区,B01C303226,哈尔滨,0451,2.6,"1.9,2.1,3.0,4.5,1.7,0.3,4.8,1.0,4.3",45,63,3
126.593862,45.797126,太阳岛风景区-邓林,B01C319GYW,哈尔滨,0451,3.8,3.8,5,134,1
127.170411,44.921671,慈云寺,B01C319GZA,哈尔滨,0451,1.1,1.1,5,42,5
126.643335,45.714045,香坊区哈平社区广场,B01C30J3K9,哈尔滨,0451,0,,0,111,3
127.269742,45.621965,梅花鹿观赏园,B01C31BNPU,哈尔滨,0451,2.4,"3.1,4.9,1.2,2.9,1.9,0.2",30,206,5
126.494120,45.785443,金河湾湿地植物园-管理区,B0FFIAEJRF,哈尔滨,0451,2.4,"1.6,3.7,2.7,0.4,3.7,0.7,2.9,2.8,3.0",45,196,1
126.633787,45.603222,侵华日军第七三一部队士官楼遗址,B0FFH9BWNF,哈尔滨,0451,2.5,"4.7,0.2,1.7,3.2",20,207,4
126.997885,45.495272,金上京会宁府南城东北角楼遗址,B0FFHOZBJS,哈尔滨,0451,2.5,"3.3,2.1,1.3,1.5,4.5,2.6",30,118,5
126.758112,45.738184,北大荒现代农业园-百鸟园,B0FFHIBDLK,哈尔滨,0451,3.2,"4.7,0.4,3.7,4.2",20,186,1
129.558113,46.299044,东北抗日联军依兰县城战斗总指挥部遗址,B0FFH9MSSZ,哈尔滨,0451,2.7,"2.4,1.6,4.1",15,242,4
127.383136,45.314132,金泉,B01C302C29,哈尔滨,0451,2.6,"3.7,0.2,3.3,3.2,2.5,2.6",30,199,5
127.403521,46.084409,人民广场,B01C31ATDF,哈尔滨,0451,2.6,"3.2,2.2,3.8,1.9,0.5,3.8",30,228,3
128.924051,46.119693,大通河旅游区,B01C31DKTC,哈尔滨,0451,2.8,"3.2,2.6,3.3,4.1,0.5,3.4,1.6,2.8,3.6",45,73,3
127.154713,44.887435,杏花山,B01C30IQZ2,哈尔滨,0451,0.8,"0.1,1.4",10,96,2
128.468000,44.778840,锅盔山休闲景区,B0FFFSBXAE,哈尔滨,0451,2.9,"3.7,4.1,3.6,0.4,3.6,1.9",30,229,2
127.135314,46.440217,兴隆公园,B01C30I4I8,哈尔滨,0451,0.9,0.9,5,98,5
126.680271,45.748144,龙塔-万福馆,B0FFHM1DAK,哈尔滨,0451,0,,0,204,2
126.636947,45.752872,中东铁路督办公署旧址,B0FFHHIEBA,哈尔滨,0451,0,,0,120,1
126.558820,45.750216,音乐长廊,B01C31ATCU,哈尔滨,0451,4.1,4.1,5,272,3
126.663349,45.737333,白桦园,B0FFG7QY8B,哈尔滨,0451,3.3,"4.5,0.3,0.5,3.3,4.6,4.7,5.0,4.8,1.6",45,107,1
127.937222,46.384317,香磨山,B0FFIABGBW,哈尔滨,0451,1.8,"0.8,0.1,4.4",15,58,2
126.998776,45.488768,金上京会宁府南城东门遗址,B0FFHP0OUL,哈尔滨,0451,0,,0,41,2
128.271154,46.427412,青峰山庄,B01C30LE6Z,哈尔滨,0451,2.7,"4.3,0.2,4.3,3.5,5.0,0.8,3.5,0.3",40,66,5
128.751874,45.981726,岔林湖公园,B01C3170PP,哈尔滨,0451,1.9,"2.1,0.9,4.3,0.3",20,105,3
128.689299,46.022169,永生园,B0FFF4XMZZ,哈尔滨,0451,2.3,"3.9,0.2,1.4,3.6,0.7,4.1,2.3",35,30,3
128.735983,45.981209,基督教通河县中心堂,B01C31702O,哈尔滨,0451,0,,0,117,4
126.669471,45.734588,亲子园,B0FFG7R116,哈尔滨,0451,2.9,"3.7,2.3,1.5,3.4,3.6",25,261,3
126.649022,45.590411,平房清真寺,B0FFF4JVMD,哈尔滨,0451,2.8,"3.5,0.9,3.9,2.9",20,124,2
126.584041,45.739566,老年人文娱健身广场,B0FFF3W683,哈尔滨,0451,2.3,"1.4,0.9,4.5,2.9,1.6,3.9,2.5,1.3,1.7",45,83,4
126.642969,45.766060,中共黑龙江历史纪念馆,B0FFJG35VJ,哈尔滨,0451,3.4,"2.8,4.0",10,130,5
126.618776,45.774125,万国洋行旧址,B0FFHN2DBC,哈尔滨,0451,1.1,1.1,5,291,2
126.664682,45.712464,三合园,B0FFFAJXAL,哈尔滨,0451,2.9,"3.1,2.7",10,68,2
126.620668,45.767684,法国万国储金会,B01C3174QL,哈尔滨,0451,2.6,"3.2,0.8,4.4,1.8",20,267,2
126.648353,45.721,动力广场,B01C30JVXH,哈尔滨,0451,2.2,"0.9,4.6,3.1,1.5,0.2,2.5,0.2,4.5",40,133,1
126.671411,45.633078,动力区基督教会义发源礼拜堂,B01C3189JX,哈尔滨,0451,2.3,"3.1,1.3,2.5",15,252,2
126.619855,45.771105,钟塔,B0FFGAIHS3,哈尔滨,0451,1.6,"3.1,0.1",10,300,5
126.668205,45.731407,中心广场(民生东五道街),B0FFG7TEFT,哈尔滨,0451,2.5,"0.0,5.0,2.7,4.1,3.4,1.2,3.3,2.3,0.1",45,78,1
126.641699,45.756947,苏军英雄纪念碑,B0FFG7R897,哈尔滨,0451,2.0,"1.2,2.8",10,23,2
126.641279,45.757828,哈尔滨莫斯科商场旧址,B0FFFAKNWP,哈尔滨,0451,0,,0,199,4
126.596949,45.982466,清真寺,B01C30JUN9,哈尔滨,0451,4.9,4.9,5,158,2
126.650688,45.590229,平房清真寺-翠柳公园,B01C319H6M,哈尔滨,0451,1.7,"1.1,2.3,2.6,3.1,1.2,0.4,3.2,1.4,0.2",45,274,5
127.133460,46.436829,隆清源公园,B0FFIAXSVY,哈尔滨,0451,1.5,"1.9,1.2",10,87,4
127.232160,44.708392,馨悦园,B0FFGCC9K8,哈尔滨,0451,2.6,"0.6,4.4,4.8,0.4",20,128,4
129.564424,46.418187,依兰农场滨江公园,B0FFG73JOM,哈尔滨,0451,0,,0,57,3
127.385006,46.089152,巴彦文化公园,B0FFFSEEPV,哈尔滨,0451,2.1,"3.4,1.6,2.2,3.5,1.7,0.2",30,84,4
127.354860,45.657859,杨家屯公园,B0FFFSDTKU,哈尔滨,0451,2.6,"4.2,3.5,2.2,2.6,4.0,4.1,0.0,0.2,2.3",45,187,2
127.094516,45.424619,上京胡,B01C31CV4S,哈尔滨,0451,2.5,"2.4,1.1,0.8,0.1,4.4,4.0,2.6,4.6",40,101,2
126.503610,45.875829,植物公园,B01C31A5XA,哈尔滨,0451,2.4,"4.6,0.0,4.6,0.4",20,198,2
127.361146,45.287642,西泉眼水库旅游区-金泉国家森林公园,B01C30IEOR,哈尔滨,0451,2.3,"3.4,1.7,0.7,3.1,2.1,2.2,2.9,2.2",40,34,5
126.603649,45.767366,创客公园,B0FFHF9D9Y,哈尔滨,0451,3.0,"2.3,4.1,2.6",15,176,2
126.634501,45.749976,詹天佑广场,B0FFK038JC,哈尔滨,0451,1.9,"1.1,3.7,1.3,1.0,2.9,0.9,0.9,3.5",40,45,5
126.626645,45.769817,索菲亚广场-八角亭,B0FFG265XB,哈尔滨,0451,1.5,"2.0,0.2,0.9,0.8,3.2,1.7",30,181,4
126.663679,45.703063,丁香园广场,B01C31AZZQ,哈尔滨,0451,1.5,"2.1,4.3,0.1,0.6,0.4",25,262,4
127.04829,45.401729,山城公园,B01C317L9E,哈尔滨,0451,2.5,"3.0,0.2,4.5,2.3,2.5",25,111,1
126.602076,45.710414,河园,B0FFHPZHW8,哈尔滨,0451,1.2,"0.4,2.0",10,132,3
127.530010,45.539661,歪脖老母,B0FFIJ6MBF,哈尔滨,0451,2.0,"1.5,0.9,2.0,2.6,3.9,0.2,1.1,2.9,1.0,4.0",50,77,3
126.620459,45.766832,伪哈尔滨道里警察署旧址,B0FFIG9BWQ,哈尔滨,0451,3.0,3.0,5,60,3
126.466109,45.945275,肇东市里木店镇心安寺院,B0FFIFZXF4,哈尔滨,0451,2.4,"2.4,2.0,2.0,1.8,2.7,3.6",30,172,5
126.598990,45.976098,城隍庙,B0FFID58AX,哈尔滨,0451,0,,0,164,5
126.634780,45.608702,结核菌试验旧址,B0FFICF7YY,哈尔滨,0451,2.1,"0.1,2.9,0.6,0.5,3.7,4.0,1.8,0.5,4.8",45,204,5
127.408627,45.734667,宾县农民画展馆,B0FFICDRVP,哈尔滨,0451,0,0.0,5,30,5
126.635387,45.611269,小动物地下饲养室旧址,B0FFIAYP1O,哈尔滨,0451,2.8,"2.0,2.2,4.7,1.6,3.4,2.6,3.2,3.4,3.4,1.1",50,293,4
127.106903,45.390375,北方森林动物园-海洋动物馆,B0FFIARYRN,哈尔滨,0451,2.4,"4.0,1.8,3.5,1.3,3.7,1.6,1.8,0.3,4.9,1.2",50,247,1
127.108651,45.392586,北方森林动物园-熊猫馆,B0FFIARO73,哈尔滨,0451,2.6,"4.9,0.7,1.9,0.4,1.1,4.1,3.0,4.6",40,71,5
126.638642,45.609664,毒气实验室旧址,B0FFIAEY9P,哈尔滨,0451,2.8,"2.9,4.9,0.6",15,149,1
126.601010,45.786495,俄罗斯风情小镇-展馆,B0FFIA9GPP,哈尔滨,0451,2.6,"3.3,3.0,3.2,2.6,3.0,0.6",30,205,5
126.587235,45.785151,哈尔滨极地馆-免费充电,B0FFI7WAX4,哈尔滨,0451,2.3,"2.5,0.1,2.1,3.2,1.1,1.9,3.3,4.4",40,186,2
127.579598,45.320292,帽儿山鲁冰花花海稻草人主题乐园,B0FFI7VJF9,哈尔滨,0451,0.5,0.5,5,206,2
130.063343,46.040903,革命烈士纪念碑,B0FFI7PMAU,哈尔滨,0451,1.9,"0.6,2.6,4.6,0.1,1.4",25,291,2
128.061199,45.803537,明性寺,B0FFI1YT0T,哈尔滨,0451,3.0,3.0,5,76,4
126.557791,45.723093,保安亭,B0FFHVM777,哈尔滨,0451,1.8,"0.4,0.6,0.9,1.0,1.3,4.1,3.9,1.8",40,284,5
129.558931,46.048195,土城子遗址,B0FFHQ0TN7,哈尔滨,0451,2.5,"1.0,4.0",10,89,1
125.853341,45.241779,龙聚寺,B0FFHO5D70,哈尔滨,0451,2.4,"0.6,3.3,2.8,2.6,2.8",25,25,3
127.969050,45.215491,中央财富广场,B0FFHHKLFS,哈尔滨,0451,2.4,"2.8,1.6,1.9,3.5,2.0",25,123,3
125.852957,45.240735,双城龙聚宝寺,B0FFHGICG6,哈尔滨,0451,1.4,"1.2,1.5",10,141,1
127.172986,44.937565,福熙广场,B0FFHDLHB7,哈尔滨,0451,2.1,"1.8,1.5,2.9",15,84,4
126.352965,45.371451,观音庙,B0FFHB49FX,哈尔滨,0451,1.5,"1.4,2.6,0.4",15,211,3
126.594848,45.621572,八福平安教堂,B0FFHAADHM,哈尔滨,0451,0.8,"2.0,0.5,0.6,0.2",20,170,4
126.503061,45.875788,黑龙江生态工程职业学院植物园,B0FFHA01XC,哈尔滨,0451,1.9,"0.4,4.4,0.6,2.2",20,205,1
126.628575,45.979429,福极庵,B0FFH9VST6,哈尔滨,0451,1.6,"1.0,0.8,2.8,0.7,0.7,0.1,2.3,1.6,4.6",45,116,4
126.603618,45.985281,人民广场(东府路),B0FFH9633S,哈尔滨,0451,3.5,"4.8,4.8,4.9,2.9,4.2,3.0,2.0,3.9,3.9,0.5",50,163,2
126.793324,45.797892,天恒山风景名胜区管理处,B0FFH95Z4Z,哈尔滨,0451,2.5,"1.0,1.5,2.4,1.9,3.6,4.6,3.3,0.4,4.8,1.9",50,111,3
126.807422,45.709047,民主村土地庙,B0FFH851P2,哈尔滨,0451,2.3,"0.7,4.7,1.5,2.3",20,292,4
126.638776,45.751204,哈尔滨市革命遗址,B0FFH7S4BK,哈尔滨,0451,3.1,"3.9,2.6,2.7,1.6,4.1,3.3,2.4,4.3",40,113,3
126.566786,45.734095,金鼎文化广场,B0FFH7QMSR,哈尔滨,0451,3.4,3.4,5,264,4
127.749317,45.724695,常安金代古城遗址,B0FFH6OVBT,哈尔滨,0451,2.8,"1.4,4.4,0.9,4.0,3.4",25,97,4
126.505940,45.549999,哈尔滨市开国将帅纪念堂,B0FFH2HMV8,哈尔滨,0451,1.6,"3.5,0.6,3.3,0.9,0.4,0.9,0.6,2.5",40,155,3
126.292961,45.633982,金河公园-音乐谷,B0FFGYOSBX,哈尔滨,0451,1.5,"0.8,0.4,3.2",15,277,2
127.244204,45.450417,金龙山慈恩寺,B0FFGHOS84,哈尔滨,0451,2.9,"4.5,3.4,1.4,1.4,4.8,1.7",30,246,1
127.708649,44.467722,中国雪谷石碑,B0FFGFYJ83,哈尔滨,0451,2.3,"0.3,2.6,2.0,1.8,2.8,4.0,2.9",35,204,3
126.618129,45.799956,基督教船厂,B0FFG8QZPM,哈尔滨,0451,2.1,"2.6,1.7",10,298,3
126.979062,45.776856,永源基督教堂,B0FFG73M7S,哈尔滨,0451,3.0,"4.7,2.8,1.6,4.5,2.4,4.0,0.3,1.4,3.9,4.9",50,222,5
128.434515,44.743956,亚布力滑雪场-观景台,B0FFG2C2OH,哈尔滨,0451,2.2,"3.0,4.1,4.7,1.0,1.2,0.8,1.3,3.7,0.3",45,115,1
127.356549,45.626549,乐佛山,B0FFFSDXBI,哈尔滨,0451,1.7,"2.0,1.1,2.1",15,215,1
126.683561,45.774782,邓世昌,B0FFFSBMHR,哈尔滨,0451,0.6,0.6,5,70,4
127.116130,46.301278,康庄教堂,B0FFF43A7Q,哈尔滨,0451,2.4,"1.2,2.2,4.1,2.0,4.0,0.9",30,63,4
126.528600,45.570069,红旗礼拜堂,B0FFF400EH,哈尔滨,0451,2.9,"1.5,2.8,4.1,2.3,4.0",25,20,2
126.357300,46.040590,哈尔滨市基督教会兴旺礼拜堂,B0FFF2XWVY,哈尔滨,0451,1.9,"0.6,1.4,2.2,3.6,3.2,0.3",30,232,4
126.587546,45.785258,哈尔滨极地馆-极地白鲸水下秀场,B0FFF074Z5,哈尔滨,0451,0,,0,49,1
127.793704,45.755060,金代曲江古城遗址,B01C31DKTI,哈尔滨,0451,2.6,"4.4,0.5,3.4,3.4,4.9,2.2,2.1,0.1",40,247,1
127.409899,46.071506,清真寺,B01C31CQR2,哈尔滨,0451,2.9,"4.9,2.9,0.9,3.5,4.7,0.4",30,66,3
127.230938,44.709627,文化广场,B01C31C6YW,哈尔滨,0451,2.1,"1.5,3.7,2.3,3.3,0.4,3.1,0.3",35,279,4
128.802879,45.878279,松南乡基督教红旗礼拜堂,B01C31A5Z6,哈尔滨,0451,2.8,"2.8,2.9",10,275,4
127.426469,46.078339,基督教堂,B01C31A5YU,哈尔滨,0451,3.4,3.4,5,109,1
127.533180,45.718257,庆华古城遗址,B01C31A5WS,哈尔滨,0451,1.9,"0.5,4.8,0.3,3.6,0.5",25,268,3
128.911424,46.002362,文化广场,B01C3176NZ,哈尔滨,0451,2.2,"2.3,3.0,2.7,0.9",20,235,5
127.145897,44.921281,五常市标塔,B01C30K0NG,哈尔滨,0451,2.3,"2.7,4.8,2.6,0.3,1.4,0.5,2.9,1.0,4.9",45,173,3
128.822386,45.513391,庆阳农场文化广场,B01C30JLXC,哈尔滨,0451,0,,0,26,1
127.615991,45.996881,青莲寺,B01C30ITO4,哈尔滨,0451,2.7,"4.5,0.9",10,137,2
126.581875,45.934918,绿海田园假日休闲广场,B01C301A67,哈尔滨,0451,3.0,"2.2,4.7,1.7,3.2,5.0,4.7,2.7,1.3,1.6",45,254,4
126.642107,45.780409,太古时代广场,B0FFH8JBCT,哈尔滨,0451,2.1,"0.1,3.9,1.8,2.8",20,285,2
126.641021,45.764969,赵一曼碑,B0FFGP83FC,哈尔滨,0451,2.0,"3.4,2.0,0.5",15,171,2
126.639888,45.761392,东省特别区行政长官公署旧址,B0FFFAKW1M,哈尔滨,0451,2.6,"1.4,2.0,4.7,1.9,4.3,3.6,1.8,1.3",40,296,1
128.756397,45.815610,莲花湖-旅游景区,B0FFGXS3JJ,哈尔滨,0451,0,,0,268,3
127.221050,45.746587,太平寺山,B0FFIGZFCB,哈尔滨,0451,0,,0,168,2
126.659427,45.753217,哈尔滨烈岩堂,B0FFIADPBF,哈尔滨,0451,2.6,"3.9,0.7,3.2",15,213,3
126.706639,45.781466,以马内利,B0FFHQ23HZ,哈尔滨,0451,1.7,"0.5,1.3,0.7,1.1,3.4,0.9,1.2,4.3",40,264,4
126.704490,45.728650,果园星城广场,B0FFHLPYYV,哈尔滨,0451,1.8,1.8,5,234,4
126.642039,45.821035,观音寺,B0FFGT3N0P,哈尔滨,0451,2.1,"1.9,2.9,2.0,1.6,4.9,1.1,0.1",35,220,4
127.894266,45.328903,五一四风景区,B01C317KLV,哈尔滨,0451,2.4,"2.5,4.1,0.2,0.1,3.8,4.2,0.4,4.2",40,96,5
129.419657,46.390440,丹清河省级旅游风景区,B01C30ISZW,哈尔滨,0451,2.6,"4.1,4.5,0.6,1.9,0.9,3.4",30,236,5
129.569083,46.306460,北国亭,B01C30I4NX,哈尔滨,0451,2.3,"3.5,2.3,1.8,2.4,4.5,0.4,1.5",35,80,3
126.618948,45.774071,音乐雕像,B0FFG9WMNI,哈尔滨,0451,2.5,"1.3,2.9,2.9,2.1,0.1,4.1,4.3",35,156,3
127.172456,44.938298,五常・奥林匹克公园,B0FFI1OH02,哈尔滨,0451,1.4,"1.0,0.4,3.1,1.1",20,143,5
126.589841,45.794674,太阳岛风景区-湿地,B0FFFAGB09,哈尔滨,0451,2.9,"4.3,4.6,0.5,1.2,1.9,4.9,3.0",35,252,2
126.542520,45.876087,旭园,B01C31A5X4,哈尔滨,0451,2.5,"4.2,3.0,2.2,5.0,3.0,0.6,0.3,1.8",40,100,4
126.672141,45.584919,保国游园,B01C30K1QX,哈尔滨,0451,0,,0,283,3
127.511600,45.275470,基督教礼拜堂,B0FFF2VDXQ,哈尔滨,0451,3.7,"3.2,4.7,4.7,4.9,3.5,1.3",30,252,4
126.602239,45.814505,东北虎林园-虎王区,B01C31DJ0L,哈尔滨,0451,2.7,"0.4,1.5,1.2,4.7,3.1,4.7,2.0,4.0,2.6",45,49,5
127.971882,45.213545,清真寺,B01C30J4E1,哈尔滨,0451,2.4,"3.8,1.2,1.0,0.6,4.5,1.8,4.9,1.1",40,167,4
128.039655,45.944217,聚益丰祥,B01C3177CD,哈尔滨,0451,2.5,"0.9,1.0,1.8,4.8,3.8",25,252,2
129.016495,46.001769,二龙潭国家湿地公园,B0FFJH75AV,哈尔滨,0451,3.7,"3.6,2.8,4.7,1.4,4.4,4.3,4.4",35,67,2
126.564454,45.731904,春水大典,B01C31BNPL,哈尔滨,0451,1.1,"1.8,0.5",10,129,2
126.610975,45.588312,哈南中央公园,B0FFHAH1PE,哈尔滨,0451,2.5,"1.7,3.5,0.3,3.6,4.1,2.4,2.7,1.7",40,165,2
128.31597,45.440686,延寿蚂蜒河国家湿地公园,B0FFFSD5C7,哈尔滨,0451,2.5,"1.7,3.1,4.5,4.2,3.6,1.1,1.8,1.5,0.3,2.7",50,257,4
126.977155,45.486769,上京会宁府皇宫午门遗址,B0FFHP0OUJ,哈尔滨,0451,1.4,"0.6,2.3",10,280,5
127.003049,45.553001,阿什河礼拜堂,B0FFHC98F9,哈尔滨,0451,3.3,"4.7,4.0,3.4,2.4,2.0",25,222,1
127.018484,45.548688,水韵休闲广场,B0FFHC2RNA,哈尔滨,0451,2.7,"0.3,2.9,0.3,3.5,3.7,2.9,3.5,0.5,4.3,4.9",50,56,1
126.680575,45.619108,香坊区朝阳镇富民村文化广场,B0FFHB3IKX,哈尔滨,0451,0.8,"1.1,0.5",10,64,5
126.602015,45.785505,索道沙滩,B0FFGA5U4H,哈尔滨,0451,3.7,"3.1,5.0,3.8,3.0",20,290,2
126.722790,45.730090,梅梅啤酒广场,B0FFF5A30H,哈尔滨,0451,0,,0,206,1
126.568468,45.735403,群力南岸文化广场,B01C31AXWC,哈尔滨,0451,0,,0,130,1
126.682598,45.784656,滨河市民休闲广场,B0FFFAL6GO,哈尔滨,0451,1.2,"2.3,1.5,1.1,0.4,1.7,0.5,0.9,1.6",40,78,2
126.614098,45.767106,安道广场,B01C31AOB5,哈尔滨,0451,3.2,"4.1,4.6,4.1,0.2",20,230,3
128.460996,44.781448,山地自行车公园,B0FFGY3DDX,哈尔滨,0451,2.0,"0.6,4.2,2.9,4.1,1.7,0.2,0.1",35,30,1
126.661881,45.586766,南秀公园,B0FFFPIRA3,哈尔滨,0451,3.3,"3.4,3.4,4.9,3.4,1.5",25,178,4
126.590955,45.685068,阳光游园,B01C31AZ26,哈尔滨,0451,0,,0,64,2
126.696330,45.758399,黄河公园,B0FFHXNTMJ,哈尔滨,0451,2.0,"1.0,0.9,0.7,2.6,2.6,3.2,0.0,2.0,3.2,3.5",50,288,4
126.660470,45.709919,香清园公园,B0FFHXL9IX,哈尔滨,0451,2.7,"3.8,4.6,4.7,0.5,0.9,3.1,2.3,2.9,1.6",45,292,1
126.790813,45.754669,阿什河国家湿地公园,B0FFHM781L,哈尔滨,0451,3.3,"3.7,4.2,3.4,2.1,3.2",25,287,1
126.697812,45.699282,风筝园,B0FFHG4JLV,哈尔滨,0451,1.6,"1.0,2.1",10,121,5
126.613503,45.779019,斯大林街东塔,B0FFHF8Z39,哈尔滨,0451,2.4,"1.6,2.3,2.5,0.4,4.6,2.5,1.4,3.6",40,169,5
126.547445,45.81598,润福公园,B0FFHAACZS,哈尔滨,0451,2.5,"4.7,2.0,0.8",15,263,4
129.394810,46.169147,矿业公司怡境公园,B01C31A5XW,哈尔滨,0451,2.6,"3.0,1.0,2.8,2.3,2.1,4.7",30,252,3
126.656101,45.588026,和平广场-建安游园,B01C31A5WO,哈尔滨,0451,2.9,"0.8,4.8,4.2,2.9,0.5,4.8,2.2",35,259,1
126.650441,45.763347,哈尔滨东正教堂,B0FFK52O8T,哈尔滨,0451,3.0,"4.3,2.5,1.2,1.3,4.2,4.0,4.1,1.5,4.1",45,234,3
127.342512,45.630539,梦幻雪国商业街-冰雪艺术广场,B0FFK33ZO1,哈尔滨,0451,2.1,"0.3,2.3,3.5,0.8,3.5",25,129,4
127.349042,45.626710,梦幻雪国-仙子湖,B0FFK2NEMU,哈尔滨,0451,2.1,"2.7,4.0,2.5,4.1,0.3,0.8,0.1",35,257,1
126.963660,45.530937,红创城市广场,B0FFJZXT75,哈尔滨,0451,2.9,"3.8,3.0,2.4,2.7,4.2,1.7,1.7,3.3,2.9",45,201,2
126.641113,45.783043,月老祠,B0FFJUFUGO,哈尔滨,0451,1.6,"2.6,2.7,0.0,0.0,3.7,0.5,2.2,0.9",40,213,2
126.754616,45.759663,驰鼎园林景观雕塑,B0FFJRIPQN,哈尔滨,0451,2.7,"2.2,0.9,4.2,3.4",20,39,1
126.611720,45.790638,太阳岛龙王庙,B0FFJMKGZM,哈尔滨,0451,2.6,"4.8,2.5,1.7,0.6,3.2,0.6,2.1,3.6,2.8,4.0",50,145,2
126.622290,45.797039,船厂龙王庙,B0FFJMG49I,哈尔滨,0451,2.7,"4.8,0.4,2.0,3.9,3.5,1.6",30,231,2
128.654170,46.082936,圆觉寺,B0FFJIKKQL,哈尔滨,0451,1.4,"1.3,3.1,0.5,0.6",20,200,3
126.670610,45.669067,穆家沟安息堂,B0FFJHPGFB,哈尔滨,0451,3.3,"3.3,5.0,2.3,3.7,0.0,3.6,5.0",35,77,5
126.912155,45.843050,法华寺,B0FFJGJH5N,哈尔滨,0451,1.9,"1.3,2.5,1.0,2.1,2.9,0.7,0.8,0.8,4.4,2.6",50,118,3
126.462501,45.693272,慈云禅寺,B0FFJC69UH,哈尔滨,0451,3.1,"3.5,2.8",10,176,3
126.657325,45.753755,格罗斯基药店旧址,B0FFJBG7NF,哈尔滨,0451,2.5,"1.6,1.4,2.4,4.5",20,210,4
127.074423,45.617764,纳葛里满族风情园,B0FFJ6LJ3G,哈尔滨,0451,0,,0,238,5
126.596750,45.660031,哈尔滨市南岗区,B0FFIY1QE1,哈尔滨,0451,2.2,"2.1,2.2,2.0,4.6,0.1",25,226,1
128.057000,45.799427,胜利镇天主教堂,B0FFIPS788,哈尔滨,0451,2.8,"1.0,3.2,4.3",15,71,5
126.579308,45.769133,冰雪娱乐王国沙滩部落,B0FFIJU86J,哈尔滨,0451,1.1,"0.7,1.5",10,297,1
125.986650,45.331960,希勤村合作化纪念馆,B0FFIISYAM,哈尔滨,0451,2.5,"4.4,2.4,0.8",15,165,4
126.626369,45.770843,索菲亚广场-塔廊,B0FFIAW74X,哈尔滨,0451,2.9,"0.5,1.4,2.5,4.2,2.6,4.9,2.2,3.6,4.6",45,265,2
126.806880,45.858515,基督教,B0FFI6MLG6,哈尔滨,0451,0,,0,122,1
126.616823,45.768531,哈尔滨犹太历史文化纪念馆,B0FFI6CUVL,哈尔滨,0451,0,,0,69,4
127.011490,45.500790,小城子遗址,B0FFHWOO3E,哈尔滨,0451,1.7,"4.4,1.7,1.3,2.5,0.3,0.1",30,140,4
126.312065,45.364323,唐聚五旧居,B0FFHU2ONL,哈尔滨,0451,2.2,"1.0,4.4,0.1,2.0,2.8,3.0,2.3",35,90,1
126.637418,45.751620,东省铁路会办公馆旧址,B0FFHU12PV,哈尔滨,0451,2.4,"2.6,4.7,1.1,0.9,3.9,0.7,1.3,3.6,3.9,1.2",50,56,3
126.643188,45.761346,凤翔电影院旧址,B0FFHTT922,哈尔滨,0451,2.0,"0.4,0.8,3.3,3.7",20,264,3
126.619589,45.771882,哈尔滨犹太人活动旧址群协和银行,B0FFHSO0NX,哈尔滨,0451,2.1,"0.2,1.2,1.2,4.3,4.6,1.5,0.4,3.6",40,212,3
126.618796,45.774064,松格利药铺旧址,B0FFHSN9HC,哈尔滨,0451,4.9,4.9,5,97,3
126.623410,45.769642,麦加利银行旧址,B0FFHS1AS9,哈尔滨,0451,2.2,"0.2,3.9,0.2,4.5,2.2",25,208,1
126.618893,45.774663,联谊饭店旧址,B0FFHS1AS4,哈尔滨,0451,2.4,"1.0,4.3,0.2,2.9,4.3,1.4,3.2,0.5,3.5",45,88,3
126.619278,45.773030,新政协筹备活动旧址,B0FFHS1AQX,哈尔滨,0451,2.6,"4.3,3.8,2.5,3.9,0.8,0.3",30,144,4
126.626217,45.768938,哈尔滨会馆旧址,B0FFHRUM1A,哈尔滨,0451,1.6,"0.1,0.3,2.3,3.7,0.5,3.3,2.0,0.9",40,178,4
126.642867,45.761978,敖连特电影院旧址,B0FFHPQMN3,哈尔滨,0451,0,,0,289,1
126.630844,45.770177,哈尔滨输入组合旧址,B0FFHPMRQP,哈尔滨,0451,2.0,"2.3,2.9,1.5,0.5,2.1,2.5",30,166,1
126.616386,45.774996,新世界旅馆旧址,B0FFHN5X0J,哈尔滨,0451,1.9,"0.3,4.0,2.3,2.3,0.7",25,50,3
126.618227,45.777544,道里秋林公司旧址,B0FFHN2DB5,哈尔滨,0451,0,,0,155,5
126.618369,45.777178,哈尔滨俄侨纪念馆,B0FFHN2DB4,哈尔滨,0451,2.2,"3.0,4.3,0.2,0.0,4.1,3.6,0.1",35,58,5
126.646675,45.762676,捷克驻哈总领事馆旧址,B0FFHD6EIM,哈尔滨,0451,2.4,"3.4,1.8,2.6,1.4,0.8,1.7,3.4,4.2",40,69,4
126.600998,45.786400,太阳岛风景区-俄罗斯风情街,B0FFHBC6BY,哈尔滨,0451,1.2,"2.0,0.5",10,286,2
127.114315,45.388460,北方森林动物园-熊山,B0FFGRN1RD,哈尔滨,0451,2.0,"2.4,0.2,4.5,1.0",20,22,1
126.623085,45.769286,乐天照相馆遗址,B0FFG9XFN6,哈尔滨,0451,1.7,"0.1,1.5,0.8,0.9,2.2,3.1,3.2",35,68,3
126.619580,45.773609,巴拉斯电影院,B0FFG7V4G0,哈尔滨,0451,2.2,"0.3,2.6,3.1,3.9,3.7,0.1,0.7,3.2",40,66,4
126.643500,45.782452,哈尔滨基督教青年会遗址,B0FFG7R2Y7,哈尔滨,0451,4.5,4.5,5,159,2
126.618980,45.774355,哈尔滨犹太人活动旧址群,B0FFG7R0G7,哈尔滨,0451,2.8,"2.9,4.1,1.5",15,146,1
126.562790,45.736893,五国头城,B0FFG2LGYI,哈尔滨,0451,2.9,"3.1,0.8,4.4,3.5,2.9",25,140,4
126.596103,45.748956,哈尔滨首届露营文化节,B0FFFYI5W1,哈尔滨,0451,2.7,"0.5,4.7,1.2,4.4",20,130,5
126.322843,45.370396,慈圆觉慧,B0FFFSO7PX,哈尔滨,0451,1.9,"0.5,0.6,1.8,2.0,3.8,2.2,1.0,3.4",40,297,5
126.621962,45.774224,哈尔滨公和利呢绒丝绸百货商店,B0FFFAL7VF,哈尔滨,0451,0,,0,287,2
126.621788,45.771468,中共满洲省委扩大会议遗址,B0FFFAL67H,哈尔滨,0451,2.2,2.2,5,101,1
126.624146,45.769160,牵牛房遗址,B0FFFAL5HK,哈尔滨,0451,5.0,5.0,5,65,3
126.620442,45.768522,阿格洛夫洋行旧址,B0FFFAL4NJ,哈尔滨,0451,2.4,"2.7,4.7,1.5,0.4,0.1,3.7,3.4",35,190,2
126.621401,45.768752,哈尔滨通讯社遗址,B0FFFAL33O,哈尔滨,0451,2.8,"4.3,2.9,2.1,2.8,2.0",25,198,3
126.622513,45.769869,东北地区第一次党员代表大会遗址,B0FFFAL32Y,哈尔滨,0451,3.0,"3.8,4.9,5.0,0.5,1.8,3.4,1.4,3.1,3.2",45,119,5
126.633091,45.752737,赵尚志烈士革命活动旧址,B0FFFAKX3J,哈尔滨,0451,3.2,"4.5,4.9,3.4,2.4,1.3,3.6,3.0,2.7",40,71,4
126.636998,45.759645,南满铁道株式会社哈尔滨事务所旧址,B0FFFAKPMU,哈尔滨,0451,2.6,"2.3,2.9",10,209,5
126.637900,45.759868,哈尔滨医学专门学校遗址,B0FFFAKIFL,哈尔滨,0451,3.1,"0.6,4.0,4.7,4.8,1.3,0.4,3.8,4.3,4.0,2.7",50,246,1
129.526703,46.230136,元代斡朵怜军民万户府遗址,B01C31DKTA,哈尔滨,0451,3.1,"3.4,3.4,0.7,4.6,2.4,1.9,4.3,3.9",40,281,2
126.655140,45.760685,儿童公园-海马精灵,B01C31BZD3,哈尔滨,0451,2.7,"3.1,2.2,2.7",15,58,5
126.558691,45.866734,哈尔滨师范大学游寿纪念馆,B01C31A5Y9,哈尔滨,0451,1.9,"0.2,2.5,3.0,0.6,2.0,3.4,1.9",35,248,2
126.627297,45.768041,汇丰银行哈尔滨分行旧址,B01C3181MG,哈尔滨,0451,2.2,"2.9,2.0,2.5,0.4,2.2,1.9,3.5",35,176,1
126.622785,45.776757,兆麟公园冰灯艺术游园会,B01C30K267,哈尔滨,0451,2.3,"1.8,3.8,3.9,1.5,2.2,1.1,0.3,1.9,4.3,2.5",50,37,3
126.314620,45.374945,东北民主联军前线指挥部旧址,B01C30IED9,哈尔滨,0451,1.1,"1.1,1.2",10,224,5
126.661360,45.778665,明哥龙鱼(嘉禾田园旗舰店),B0FFI9NIT7,哈尔滨,0451,0,,0,248,5
128.508169,44.795960,亚布力滑雪场旅游接待处,B0FFFMSV4A,哈尔滨,0451,0,,0,72,1
126.656856,45.759198,东方不夜城广场,B0FFF4M0EN,哈尔滨,0451,3.3,"5.0,4.3,2.2,1.6,3.8,4.6,3.1,4.7,3.5,0.2",50,135,3
128.840578,45.837906,体育休闲广场,B01C30JZXG,哈尔滨,0451,2.0,"4.3,3.7,0.9,1.1,0.2",25,117,4
126.619145,45.773356,老街余韵,B0FFHQ2L2I,哈尔滨,0451,2.5,"0.0,4.4,1.8,3.9,4.7,0.1,1.7,4.0,2.0",45,253,2
126.597656,45.789172,太阳岛风景区-栖凤台,B0FFGCHYQ0,哈尔滨,0451,2.6,"2.9,3.7,0.9,1.9,3.5",25,197,1
126.965360,45.493112,金太祖陵-址公园,B0FFF35TY2,哈尔滨,0451,2.2,"0.6,3.9,3.3,2.7,0.3,2.5,2.5,1.7",40,164,1
128.356820,45.994316,浓河生态公园,B01C318BZB,哈尔滨,0451,3.0,"1.8,2.2,4.9",15,30,5
126.499384,45.778192,金河湾湿地植物园-阳光沙滩,B0FFIASLCF,哈尔滨,0451,1.9,"2.2,0.7,3.4,0.6,2.7",25,56,2
127.957864,45.217073,抗日烈士赵尚志赵一曼纪念馆,B0FFIABLOD,哈尔滨,0451,0,,0,177,5
126.708179,45.691758,哈尔滨市社区健身休闲广场,B0FFHMDVJQ,哈尔滨,0451,2.5,"3.6,1.3",10,103,3
126.790977,45.796451,卧龙寺,B0FFGCRZ2Y,哈尔滨,0451,2.3,"1.2,2.3,5.0,0.0,1.9,3.4",30,187,5
126.639501,45.758601,文化广场,B0FFF69GZH,哈尔滨,0451,2.6,"2.7,4.9,1.2,0.4,1.0,1.9,3.4,4.7,2.9",45,124,5
128.835192,45.839687,迷你休闲广场,B01C30I9C6,哈尔滨,0451,1.2,"0.1,0.7,2.0,2.1",20,289,5
128.520129,44.811978,中国亚雪民俗第一村,B0FFIGHSJY,哈尔滨,0451,1.4,"1.0,1.8",10,260,3
127.183337,46.148781,清真寺,B0FFI1SN9J,哈尔滨,0451,2.6,"1.5,4.5,1.1,2.9,3.0",25,80,5
126.318703,45.376266,显佛寺,B0FFHKXKFP,哈尔滨,0451,0,,0,268,5
126.314199,45.374772,古堡之夏电影广场,B0FFHFGREF,哈尔滨,0451,2.7,"3.2,2.7,2.1",15,160,1
126.563867,45.730668,宝石广场,B0FFHFEQYL,哈尔滨,0451,1.8,"0.4,3.3,2.1,1.4,1.7",25,222,4
126.987310,45.541219,瞿昙菩提莲社,B0FFHC5EN2,哈尔滨,0451,2.7,"1.0,3.9,2.8,2.1,3.3,2.9",30,76,1
126.648057,45.590818,哈尔滨市平房区天主教堂,B0FFH9VWEX,哈尔滨,0451,0,,0,54,3
126.615143,45.681625,哈达基督教,B0FFH97UNL,哈尔滨,0451,4.0,"5.0,4.6,4.3,4.5,4.0,1.7,4.2",35,186,5
126.648395,45.695622,和谐寺观教堂,B0FFH73CHJ,哈尔滨,0451,2.9,"1.6,4.1,3.9,0.7,1.9,2.8,3.8,3.6,4.0",45,62,2
126.653917,45.671425,中心广场,B0FFH6MZB4,哈尔滨,0451,1.7,"0.2,1.3,4.4,1.5,1.3",25,88,1
126.658371,45.793662,道台府门前广场,B0FFGZGONA,哈尔滨,0451,2.5,"2.7,1.3,2.3,5.0,1.0",25,219,2
126.602739,45.762736,哈尔滨市志愿者广场,B0FFGYYHJ6,哈尔滨,0451,4.7,4.7,5,42,1
127.482227,45.760924,休闲广场,B0FFGE8XQG,哈尔滨,0451,3.1,"2.5,3.7,4.6,1.7,4.2,2.1,2.6,3.1",40,215,5
127.475017,45.761442,宾光基督教堂,B0FFGE8W6R,哈尔滨,0451,1.6,"2.3,1.4,1.0",15,82,2
127.284260,45.281262,杜鹃岭,B0FFG91LNX,哈尔滨,0451,2.9,"4.1,1.8",10,54,3
126.993241,45.531687,恒大城休闲广场,B0FFG26L2G,哈尔滨,0451,2.5,"3.5,2.9,1.2",15,216,1
126.548413,45.748984,音乐主题广场,B0FFFWE6KX,哈尔滨,0451,1.7,"0.3,1.8,2.9",15,35,1
126.606360,45.813808,东北虎林园-狮虎馆,B01C31DJ0M,哈尔滨,0451,2.6,"1.0,2.7,0.0,2.1,3.1,4.9,0.5,2.8,4.9,4.5",50,142,5
127.128832,46.441482,文化广场,B01C31C734,哈尔滨,0451,3.2,"1.4,4.7,4.7,2.0",20,267,1
128.397900,44.942211,文化休闲广场,B01C31BYMT,哈尔滨,0451,2.0,"1.9,3.9,2.4,1.2,0.1,2.9,1.5,0.5,3.7",45,148,4
126.594896,45.787719,太阳岛风景区-坐龙广场,B01C319H7F,哈尔滨,0451,2.8,"1.3,4.1,4.3,2.4,3.2,2.1,2.6,4.1,1.0",45,124,3
126.591801,45.793650,太阳岛风景区-中日友好纪念馆,B01C319H11,哈尔滨,0451,0.7,0.7,5,35,1
126.619891,45.768739,哈尔滨特别市公署旧址,B0FFIGB4NB,哈尔滨,0451,2.1,"0.0,1.6,3.1,2.4,3.8,1.8",30,295,1
126.642149,45.760469,哈尔滨第一齿科学校旧址,B0FFI6NMQI,哈尔滨,0451,2.5,"4.0,2.5,1.2,2.7,2.0",25,27,1
126.643566,45.572435,宇光・万和广场,B0FFHRGVUD,哈尔滨,0451,3.8,3.8,5,84,3
129.568012,46.308101,打井打桩降水,B0FFH3WXA6,哈尔滨,0451,1.0,1.0,5,157,5
126.300990,45.367499,基督教会,B0FFG7ITSX,哈尔滨,0451,2.4,"2.8,3.6,4.7,2.2,1.2,1.6,2.5,1.4,1.9",45,71,5
126.567850,45.741472,丁香公园广场,B01C319GTE,哈尔滨,0451,2.9,"2.9,3.8,0.5,4.9,2.3",25,174,2
128.373636,44.961888,中国人民解放军革命烈士纪念碑,B01C30J4G1,哈尔滨,0451,3.8,"4.9,2.7,4.3,4.9,2.2",25,164,4
126.67998,45.784686,维也纳音乐广场,B0FFJXAYC9,哈尔滨,0451,1.8,"0.8,0.3,3.2,3.5,1.1",25,144,3
126.352919,45.371440,观音寺,B0FFH28XPS,哈尔滨,0451,2.4,"4.4,1.5,3.8,2.1,0.7,1.2,1.7,3.9",40,53,2
126.353538,45.371548,七宝塔,B01C3029DB,哈尔滨,0451,2.2,2.2,5,146,2
126.572107,45.912480,富佳新天地公园,B0FFI25VEW,哈尔滨,0451,2.2,"2.2,1.0,3.5,2.8,2.3,1.6",30,186,2
126.642416,45.747246,马家沟河丽水公园(木介街),B0FFH95CK1,哈尔滨,0451,3.3,"1.0,3.5,3.3,3.0,4.6,5.0,3.0",35,60,4
128.343310,45.458263,将象卒,B0FFK47B5E,哈尔滨,0451,4.0,4.0,5,249,4
126.613935,45.773025,鞑靼清真寺-遗址,B0FFK46QUK,哈尔滨,0451,2.6,"1.5,4.4,0.6,3.9",20,72,1
127.222488,45.427193,神鹿峰,B0FFK2ZMI3,哈尔滨,0451,3.8,3.8,5,201,2
126.687125,45.747637,玉山公园,B0FFJP9843,哈尔滨,0451,1.2,"1.8,1.9,0.7,0.7,1.5,0.4",30,108,5
126.597461,45.687662,翡翠公园,B0FFJOL120,哈尔滨,0451,1.2,"2.2,1.3,0.2",15,91,5
127.608148,44.530042,五常市英雄山旅游景区,B0FFJMQDJC,哈尔滨,0451,2.2,"0.7,1.0,4.9",15,154,4
128.468000,44.778840,锅盖山休闲景区,B0FFJG4TLP,哈尔滨,0451,2.6,"3.2,2.5,2.0",15,156,3
126.679545,45.742743,湘江公园,B0FFJC0R3O,哈尔滨,0451,2.4,"1.9,2.8,1.1,0.9,4.8,3.6,0.7,3.7,1.9",45,112,5
127.965759,45.966547,永胜村广场,B0FFJ47WZL,哈尔滨,0451,3.6,"4.4,2.5,2.9,3.8,4.5,3.3",30,73,1
128.029707,45.945887,江畔公园,B0FFJ2BTAU,哈尔滨,0451,2.9,"4.4,4.6,1.1,2.3,1.3,3.7,2.6,1.9,4.5",45,225,4
126.501264,45.783255,金河湾湿地植物园-悠然桥,B0FFIWR0I0,哈尔滨,0451,2.7,"3.9,2.4,4.9,1.8,1.4,0.8,0.9,3.8,3.1,3.7",50,252,1
128.571096,44.735647,中国亚布力森林部落,B0FFILESB5,哈尔滨,0451,3.0,"3.1,4.5,0.9,3.7",20,20,4
126.651017,45.786601,黑龙,B0FFILBZQL,哈尔滨,0451,2.5,"2.6,4.8,2.7,1.0,1.4,0.7,3.7,0.5,4.8,2.3",50,289,2
126.317845,45.627624,荷花湖,B0FFIKQ1VZ,哈尔滨,0451,1.8,"1.6,2.6,0.6,3.0,1.0,1.8",30,243,1
125.873166,45.229365,吉利遗址,B0FFIJDWYV,哈尔滨,0451,2.5,"3.0,0.1,3.6,4.8,2.3,1.7,3.3,0.6,1.2,4.3",50,28,4
127.114386,45.389082,北方森林动物园-狼桥,B0FFICCT0B,哈尔滨,0451,3.7,"4.2,3.2",10,102,3
126.617259,45.773223,犹太人私人医院遗址,B0FFI6BJWG,哈尔滨,0451,2.4,"2.8,4.2,2.9,1.7,2.7,0.9,1.4",35,219,4
127.162678,44.894081,杏花山生态园,B0FFHQ1RZ8,哈尔滨,0451,0.6,"0.2,1.7,0.0",15,234,1
127.374272,45.477508,横头山,B0FFHJ4554,哈尔滨,0451,4.2,"3.5,4.8",10,42,3
126.640433,45.625542,哈尔滨天池丁香公园办公室,B0FFH9VLWO,哈尔滨,0451,3.0,"2.9,0.2,4.1,4.8",20,217,2
127.313361,45.213038,恩都里女真风情园,B0FFGDEODG,哈尔滨,0451,1.9,"3.8,0.8,2.2,1.8,0.9,1.7,2.1,3.5,0.5",45,216,4
126.586220,45.794635,太阳岛风景区-青年之家,B0FFGCI3M8,哈尔滨,0451,2.1,"2.0,1.1,2.7,3.5,1.1",25,58,3
126.592880,45.786846,太阳岛风景区-上坞桥,B0FFGCI36L,哈尔滨,0451,2.8,"2.8,4.7,2.3,2.1,1.9",25,250,4
126.618702,45.777782,警示塔,B0FFGA77FI,哈尔滨,0451,2.3,"3.9,4.9,1.7,0.5,0.9,2.1",30,275,1
126.619667,45.771117,天鹅湖水晶舞台,B0FFGA4TCR,哈尔滨,0451,2.4,"0.2,1.5,4.9,0.0,3.1,2.8,4.2",35,248,4
128.465058,44.776782,如归,B0FFG25R8A,哈尔滨,0451,2.5,"3.1,1.2,1.9,1.7,2.0,0.8,4.0,4.9",40,183,1
127.145996,45.310574,天成瑶景区,B01C31DKTS,哈尔滨,0451,2.5,"3.1,2.4,0.3,2.8,1.8,1.1,4.7,3.8,2.6",45,90,5
129.144381,46.107862,紫龙湖农村观光,B01C31DKTD,哈尔滨,0451,2.3,"3.4,0.3,0.2,2.3,3.1,4.5,2.0",35,116,5
126.598517,45.791761,太阳岛风景区-午阳亭,B01C31DJWX,哈尔滨,0451,0,,0,73,5
127.405282,45.726545,望港亭,B01C31DJ25,哈尔滨,0451,2.2,"0.8,3.0,3.2,4.3,0.2,1.6",30,115,3
127.413251,45.736056,大龙山,B01C31DJ20,哈尔滨,0451,3.0,"4.8,3.7,2.0,2.5,3.7,1.2",30,256,2
126.607902,45.789813,太阳岛风景区-冬雪园,B01C31DJ1H,哈尔滨,0451,3.2,"1.8,4.6,3.9,2.9,1.7,4.4,2.0,4.3",40,266,3
126.605378,45.788727,太阳岛风景区-秋水园,B01C31DJ1F,哈尔滨,0451,2.0,"4.4,0.2,1.5,1.1,2.6",25,197,4
126.598736,45.787863,太阳岛风景区-春雨园,B01C31DJ1B,哈尔滨,0451,2.2,"2.5,2.5,1.5,0.0,4.7,0.2,4.2",35,131,3
126.600292,45.791965,太阳岛风景区-舒心亭,B01C31DJ16,哈尔滨,0451,1.9,"2.4,1.1,4.7,0.5,0.6,3.8,0.3",35,171,2
126.599461,45.791308,太阳岛风景区-撷芳园,B01C31DJ13,哈尔滨,0451,1.1,"0.6,1.2,2.6,0.0",20,26,2
126.599743,45.790235,太阳岛风景区-双弈台,B01C31DJ11,哈尔滨,0451,2.8,"5.0,0.6,3.3,3.8,1.4",25,242,2
126.598854,45.791300,太阳岛风景区-烂柯亭,B01C31DJ0Z,哈尔滨,0451,1.2,"2.6,3.2,0.5,1.1,0.1,0.1,0.9",35,170,1
126.591937,45.794784,太阳岛风景区-憩园,B01C31DJ0V,哈尔滨,0451,3.4,"4.2,1.5,2.5,4.8,2.9,4.4,3.5",35,68,4
126.597565,45.792249,太阳岛风景区-天籁园,B01C31A5X7,哈尔滨,0451,3.6,"4.5,3.4,4.3,1.2,4.7",25,178,4
126.641149,45.685925,法律广场,B0FFHRSJ4D,哈尔滨,0451,1.8,"1.0,2.1,3.9,4.1,1.0,0.4,0.4",35,180,1
126.656024,45.818594,黑龙江科技大学-文化广场,B0FFH424DS,哈尔滨,0451,0.5,"0.2,1.4,0.0",15,147,2
126.980162,45.532006,文庙,B0FFG2XMV7,哈尔滨,0451,1.5,"3.4,0.2,0.1,0.2,1.7,1.5,0.7,2.9,2.4",45,130,4
126.664071,45.776099,步行广场,B0FFG0OQET,哈尔滨,0451,1.2,"1.8,1.8,0.2,1.0",20,128,5
126.618611,45.712128,美食啤酒广场,B0FFHO38IT,哈尔滨,0451,0,,0,244,2
127.162387,44.889254,革命烈士纪念馆,B01C317DZ6,哈尔滨,0451,2.3,"4.5,0.1",10,294,1
128.338205,45.462009,福山公园,B01C31782G,哈尔滨,0451,2.6,"4.0,4.4,1.9,0.8,1.2,1.1,3.7,5.0,2.7,1.6",50,112,3
126.665279,45.769643,马家沟河丽水公园(宣化街),B0FFH84DJG,哈尔滨,0451,2.6,"2.0,4.0,0.5,2.1,3.9,1.8,2.9,3.6",40,148,5
126.661909,45.735696,老年娱乐健身广场,B0FFHPYP3G,哈尔滨,0451,1.9,"3.8,0.8,1.1,2.2,1.3,0.9,3.3,2.1",40,150,1
126.635727,45.721231,东北林业大学-学习广场,B0FFHLPRCG,哈尔滨,0451,2.5,"2.5,2.4,3.2,3.7,0.1,0.8,3.2,3.9",40,54,5
127.482188,45.760074,休闲广场-法治广场,B0FFHF2VCO,哈尔滨,0451,3.6,"1.4,4.1,4.9,4.5,3.0,3.8",30,84,3
126.605361,45.755168,刘少奇革命活动遗址,B0FFF69B22,哈尔滨,0451,3.4,"4.8,3.5,1.9",15,243,1
126.353747,45.371560,观音斋,B01C30IED7,哈尔滨,0451,2.5,"0.3,3.5,2.9,4.8,2.2,3.7,0.1",35,209,2
126.658010,45.771077,腾龙景观广场,B01C31DMLS,哈尔滨,0451,2.3,"2.2,3.2,3.5,2.7,2.3,1.6,4.5,0.3,0.7",45,176,1
126.300990,45.367499,福音堂,B01C31A5Z5,哈尔滨,0451,0,0.0,5,138,5
127.026159,45.651725,天主堂,B01C319AN9,哈尔滨,0451,2.8,"4.8,1.4,2.3",15,224,1
126.594652,45.985956,天道缘,B01C317ITX,哈尔滨,0451,2.4,"0.4,2.3,3.5,2.6,3.2,3.7,2.3,2.1,1.4",45,212,3
127.980139,45.215854,珠河教会,B01C317DVU,哈尔滨,0451,2.4,"1.2,3.7,4.0,2.4,1.7,2.0,3.6,0.9",40,291,4
127.734013,44.959686,宝龙店林木良种植物园,B01C30000F,哈尔滨,0451,2.9,2.9,5,269,3
126.651730,45.787428,清真寺(南十二道街),B0FFIAXBX3,哈尔滨,0451,2.5,"2.7,3.1,0.0,4.3",20,119,5
128.463952,44.775173,灵芝关,B0FFG255T7,哈尔滨,0451,3.0,"2.0,4.2,1.8,3.4,3.7",25,81,5
126.623560,45.778079,兆麟公园-冰雪艺术广场,B0FFFTCXMK,哈尔滨,0451,2.8,"4.1,2.9,1.5,4.9,2.1,2.9,2.2,3.2,1.3",45,40,4
126.632145,45.703127,清风广场,B0FFHQ1BJX,哈尔滨,0451,2.5,"3.7,1.6,4.2,0.5",20,75,4
127.163435,45.76235,商业广场,B0FFHF9BFD,哈尔滨,0451,2.6,"0.8,1.6,0.3,4.0,3.1,3.3,3.3,4.0",40,74,4
126.792239,45.800060,哈尔滨市知青纪念馆,B0FFH95YON,哈尔滨,0451,2.7,"1.1,4.4,1.9,2.4,3.7",25,42,5
126.645088,45.757405,解放初期中共哈尔滨市委机关遗址,B0FFHO855G,哈尔滨,0451,1.6,"2.2,1.0,0.9,0.7,2.5,2.3",30,190,1
126.709677,45.758250,菩提心居,B0FFF5P7QL,哈尔滨,0451,3.3,"2.5,2.4,3.9,4.6,4.8,0.3,3.5,4.8,2.8",45,30,2
126.650340,45.822619,科技广场,B01C31DNAX,哈尔滨,0451,2.8,"1.9,2.3,2.3,4.0,2.8,3.5,2.5",35,59,3
128.750719,45.970010,社会主义核心价值观主题公园,B0FFJKXLEI,哈尔滨,0451,2.8,"1.0,3.5,3.1,3.5",20,171,1
126.699401,45.758192,公园食林外街,B0FFIJSRS8,哈尔滨,0451,1.9,"4.0,1.0,0.8",15,241,3
126.533921,45.863389,高鑫公园,B0FFID653F,哈尔滨,0451,2.6,"2.3,3.4,2.0,3.1,0.8,4.2,4.8,0.4",40,115,2
126.662155,45.709647,哈尔滨市廉洁文化主题公园,B0FFHQ127W,哈尔滨,0451,2.7,"3.2,2.4,4.6,0.7,1.6,5.0,2.9,2.8,1.3",45,78,3
126.564550,45.745768,丁香公园-工具间,B0FFHLNW8D,哈尔滨,0451,4.1,"4.0,3.2,4.4,4.9,4.7,3.2",30,295,2
126.613031,45.778906,斯大林街西塔,B0FFHF9BGK,哈尔滨,0451,2.9,"1.7,2.5,2.9,4.5,3.2,1.2,4.7,2.0,3.8",45,110,4
128.347535,45.454750,山河公园,B0FFHB9VTH,哈尔滨,0451,3.5,"4.7,4.6,1.1",15,176,3
126.638708,45.625068,哈尔滨青年公园,B0FFH9VIX1,哈尔滨,0451,3.2,"0.2,4.5,5.0",15,156,2
126.493272,45.876352,黑龙江财经学院-畅园,B0FFGWL92Y,哈尔滨,0451,0,,0,181,4
128.771864,45.976734,通河文化公园,B0FFF4M7DH,哈尔滨,0451,1.2,1.2,5,282,3
127.407335,45.735514,坝下公园,B01C31DJ22,哈尔滨,0451,2.9,"2.7,1.2,1.0,4.7,4.7",25,249,3
128.752081,45.983883,喜鹊公园,B01C31BNP9,哈尔滨,0451,3.8,"4.6,3.9,2.9",15,109,2
128.338230,45.450260,以马内利基督教堂,B0FFHPZ0R8,哈尔滨,0451,2.4,"2.8,2.8,0.3,4.5,1.5",25,203,4
126.616681,45.975332,基督教堂,B0FFK4D1YI,哈尔滨,0451,1.4,"0.2,1.7,0.1,3.4",20,178,2
126.626944,45.770081,索菲亚教堂旅游服务处,B0FFK477UL,哈尔滨,0451,1.4,"0.9,2.0",10,296,2
127.170838,45.591568,小北苇沟,B0FFK3KM8U,哈尔滨,0451,3.5,3.5,5,236,2
127.906952,45.496249,老黑顶子沟,B0FFK2Z110,哈尔滨,0451,1.8,"0.3,1.0,1.2,4.8",20,165,2
127.344130,45.632872,梦幻雪国-红色大院,B0FFK2SA4H,哈尔滨,0451,3.0,"1.2,4.2,1.5,4.2,3.8",25,282,4
127.337677,45.632366,梦幻雪国-观星屋北区,B0FFK2O5WG,哈尔滨,0451,2.7,"3.5,0.3,4.2,2.6,3.8,1.7",30,122,1
127.339712,45.634555,梦幻雪国-抢亲大院,B0FFK2NE5A,哈尔滨,0451,3.3,"4.9,2.9,4.3,3.5,2.9,3.2,0.3,3.3,4.2,3.3",50,39,4
127.345876,45.633796,梦幻雪国-观星屋东区,B0FFK2NE59,哈尔滨,0451,2.9,"1.7,3.5,2.6,3.7,1.5,4.7",30,278,1
127.337089,45.629296,梦幻雪国-观星屋西区,B0FFK2MQSL,哈尔滨,0451,1.4,"1.9,1.0",10,145,3
126.642847,45.757540,金色雪花,B0FFK2GYFV,哈尔滨,0451,3.3,"4.0,4.6,1.4",15,239,1
126.695561,45.724550,基督教堂,B0FFK2042B,哈尔滨,0451,1.7,"1.3,2.3,2.2,1.1",20,246,2
126.670792,45.740322,根本源・泰山禅院,B0FFK1BCS8,哈尔滨,0451,2.3,"1.1,4.6,1.7,3.4,3.4,3.4,0.0,2.3,0.4",45,231,1
126.599056,45.990886,呼兰基督教老堂,B0FFK09SQO,哈尔滨,0451,0.8,"2.1,0.1,0.1",15,132,5
126.635089,45.593264,哈尔滨市基督教,B0FFJTNKY9,哈尔滨,0451,2.7,"0.3,2.5,4.7,1.2,4.6,2.9",30,33,1
126.764624,45.735331,观景韵多肉植物馆,B0FFJPZXHE,哈尔滨,0451,2.3,"2.0,3.9,0.4,2.0,0.3,3.1,1.5,4.2,2.6,2.5",50,238,4
127.099720,45.062640,三缘寺,B0FFJPTYVH,哈尔滨,0451,3.4,"2.2,4.5",10,289,3
126.605146,45.727909,以马内利基督教堂,B0FFJP80AU,哈尔滨,0451,2.9,"2.4,3.4",10,112,3
126.961470,45.535500,礼拜堂,B0FFJN6AO0,哈尔滨,0451,1.0,1.0,5,56,4
126.299107,45.396550,基督教堂,B0FFJMARNY,哈尔滨,0451,2.5,"2.4,3.4,1.9,2.3",20,50,5
129.557111,46.314145,自卫军抗战纪念馆,B0FFJKVI1S,哈尔滨,0451,0.7,0.7,5,89,4
127.426496,46.078291,巴彦堂,B0FFJKTK0F,哈尔滨,0451,2.1,"3.6,1.2,1.4",15,102,5
128.616622,44.929485,亚布力林区基督教堂,B0FFJIADQG,哈尔滨,0451,2.3,"1.9,1.2,0.2,4.5,3.5,3.7,0.2,3.4,3.4,1.2",50,77,5
127.108410,46.442234,爱鱼之家水族馆,B0FFJGZIHA,哈尔滨,0451,2.5,"3.2,2.5,0.2,4.1,2.5",25,224,2
126.671878,45.779296,动物园,B0FFJG699H,哈尔滨,0451,1.7,1.7,5,253,5
126.692848,45.728964,哈尔滨市基督教红旗大街礼拜堂,B0FFJ8M3BO,哈尔滨,0451,2.6,"3.5,4.4,1.0,3.5,2.3,3.4,2.1,1.3,1.3,2.9",50,215,5
126.719880,46.285879,沈八井,B0FFJ5IL69,哈尔滨,0451,1.5,"1.1,0.4,4.1,0.6,2.3,0.3",30,40,1
127.470271,45.394968,松峰山景区-圣母殿,B0FFJ3049A,哈尔滨,0451,3.1,"4.4,3.5,3.3,1.3",20,124,1
127.377557,45.512764,金龙山国家森林公园-鹿园,B0FFJ0HD6G,哈尔滨,0451,3.2,"4.9,1.5",10,130,2
127.382067,45.491594,金龙山国家森林公园-红叶顶观光塔,B0FFJ0GBL8,哈尔滨,0451,2.3,"1.0,3.1,0.1,2.7,4.5",25,70,1
128.081934,44.201000,大峡谷-观景台,B0FFJ0E9S2,哈尔滨,0451,0,,0,219,1
127.530019,45.539673,天成洞,B0FFJ0CJT0,哈尔滨,0451,1.4,"0.4,0.6,3.3",15,288,2
126.619445,45.770879,伊格莱维仟商店旧址,B0FFIZT4BT,哈尔滨,0451,1.7,"0.2,1.4,0.2,1.4,1.7,0.9,2.3,4.7,1.6,2.2",50,97,1
126.903876,45.905083,白渔泡湿地公园-草廊,B0FFIZRRZX,哈尔滨,0451,2.7,"3.1,1.7,3.2,3.2,2.2",25,187,1
126.618114,45.710867,神奇动物在哪里,B0FFIZNQZO,哈尔滨,0451,2.6,"2.7,1.4,3.3,1.4,4.7,2.0,3.4,1.6,1.0,4.2",50,222,3
126.629284,45.707483,黑龙江大学-晨曦广场,B0FFIYU0S6,哈尔滨,0451,0,,0,227,4
127.420268,46.401345,天主堂,B0FFIXUMGL,哈尔滨,0451,2.2,"2.9,1.9,2.2,2.4,1.6",25,72,4
126.499489,45.779410,金河湾湿地植物园-铁锚广场,B0FFIWRC20,哈尔滨,0451,3.0,"4.0,1.0,2.8,4.2",20,264,2
126.492954,45.784131,金河湾湿地植物园-自然广场,B0FFIWP7Q0,哈尔滨,0451,1.2,"0.2,2.2",10,260,1
126.906731,45.904639,白渔泡湿地公园-娱乐区,B0FFIWKAUW,哈尔滨,0451,2.4,"4.6,0.3,2.2",15,102,3
126.621503,45.767282,波兰医生扎瓦茨基住宅旧址,B0FFIWF7FW,哈尔滨,0451,2.7,"1.8,2.7,4.9,3.5,2.5,0.8",30,65,5
126.680665,45.731704,状元堂,B0FFIVX8MV,哈尔滨,0451,2.3,"0.8,4.9,2.3,4.2,2.5,2.1,0.6,0.8,0.5,4.6",50,194,3
128.078255,44.202430,黑龙峡,B0FFIRVHR6,哈尔滨,0451,3.9,"4.5,3.9,3.2",15,233,1
126.620560,45.770415,花旗银行旧址,B0FFIQEKP8,哈尔滨,0451,3.2,"3.6,0.2,4.9,4.4,3.0",25,92,3
128.750825,45.969684,抗洪纪念碑,B0FFIP8K1H,哈尔滨,0451,2.6,"4.8,2.9,4.2,0.4,3.1,3.5,1.0,0.0,1.2,5.0",50,288,4
127.106512,45.397088,北方森林动物园-饲料中心,B0FFIN91ZC,哈尔滨,0451,3.3,"4.2,2.4",10,57,3
127.470119,45.395054,松峰山景区-三清殿,B0FFIN8SDR,哈尔滨,0451,3.0,"3.0,4.4,1.7,3.7,0.6,3.0,4.9,2.3,2.3,3.9",50,23,1
128.048916,44.107002,高山杜鹃,B0FFIN5R51,哈尔滨,0451,3.8,"4.7,4.3,2.1,4.4,3.5,4.0,3.3",35,176,5
127.470395,45.394925,松峰山景区-神女宫,B0FFIMZK60,哈尔滨,0451,2.5,"0.2,3.1,4.8,5.0,0.9,0.4,0.0,4.1,3.4,3.6",50,134,3
127.109498,45.392993,北方森林动物园-售货亭,B0FFIMYV9X,哈尔滨,0451,2.6,"2.1,1.1,2.2,0.5,4.9,2.3,4.8,0.8,4.4",45,36,4
127.499099,46.163818,开花砬子,B0FFILBZQC,哈尔滨,0451,4.6,"4.8,4.4",10,184,4
126.638440,45.787208,王堂,B0FFIL9WL5,哈尔滨,0451,2.4,"1.3,3.9,2.4,0.0,4.7,1.8,1.7,1.4,4.5",45,143,4
126.865890,45.509450,富勤村前马神庙屯,B0FFIL3NNW,哈尔滨,0451,1.3,"0.1,2.5",10,211,2
126.715604,45.941380,呼兰河口湿地公园展厅,B0FFIKNIE5,哈尔滨,0451,3.0,"2.1,3.2,1.2,2.0,3.0,3.4,4.3,4.7",40,245,2
126.625369,45.765421,全国第六届劳动大会会址,B0FFIJZNN9,哈尔滨,0451,2.7,2.7,5,255,5
126.650816,45.763845,和谐寺观教堂,B0FFIJZCUB,哈尔滨,0451,1.9,"1.0,2.5,3.1,0.0,2.5,2.5",30,101,2
126.498238,45.784723,金河湾湿地植物园-观光塔,B0FFIJW2BE,哈尔滨,0451,2.5,2.5,5,177,1
126.674312,45.706412,川圣堂,B0FFIIKFQH,哈尔滨,0451,2.8,"4.3,3.5,0.2,3.0,0.8,1.4,4.9,3.7,3.6",45,93,3
127.414398,45.736031,二龙山风景区-龙泉山,B0FFIG4AWF,哈尔滨,0451,1.1,"0.4,0.7,0.5,2.9",20,48,1
127.106146,45.395227,北方森林动物园-河马馆,B0FFIDDKKZ,哈尔滨,0451,2.6,"2.6,2.7,2.8,1.6,2.8,3.4",30,200,5
126.733440,45.944991,双子座,B0FFICGMGE,哈尔滨,0451,0,,0,290,4
127.109757,45.391843,北方森林动物园-狮虎园,B0FFICCUSY,哈尔滨,0451,2.2,"3.6,0.4,1.1,1.6,3.3,0.2,4.1,3.5",40,93,1
127.410471,45.725769,摇头飞椅,B0FFICC3P8,哈尔滨,0451,0.9,"0.6,1.2",10,279,1
126.635188,45.610753,谢罪与不战和平之碑,B0FFIB1A0H,哈尔滨,0451,3.5,"2.9,4.5,1.3,4.0,4.0,3.6,3.4,3.2,4.7",45,136,4
125.897658,45.456848,杏山镇基督教堂,B0FFIARQQ9,哈尔滨,0451,2.2,"1.1,1.9,1.4,3.3,0.4,4.4,3.1",35,296,2
127.111675,45.392642,北方森林动物园-娱乐区,B0FFI9TAOO,哈尔滨,0451,0,,0,205,2
126.702929,45.650966,团结教堂,B0FFHS6E9Q,哈尔滨,0451,0,,0,286,3
126.665996,45.786712,远东广场,B0FFHPYNUT,哈尔滨,0451,2.6,"3.0,3.5,2.9,4.7,1.9,4.1,0.2,2.3,0.7",45,78,2
126.593703,45.979198,三光庵,B0FFHDY5QD,哈尔滨,0451,2.0,"0.8,3.2,2.1",15,200,4
126.481057,45.666475,基督教礼拜堂,B0FFHDXXEG,哈尔滨,0451,3.3,"2.6,2.9,4.5",15,222,1
